member,from,to,effective_date,enactment_date,ordinance,reason,pre_covid_enactment,status,sources
bentleyville,25,12.5,2019-06-19,2019-06-19,"Ord. 2019-23 (corrected by Ord. 2019-30, 2019-07-17)",none stated,yes,confirmed,https://villageofbentleyville.com/wp-content/uploads/2019/11/2019-Ordinance-Resolution-List.pdf; https://www.ritaohio.com/municipalities/Home/MemberPage?id=090
bethel,0,75,2024-01-01,2023-11-09,Ord. 2034 (amending Ord. 1909),none stated for credit; concurrent rate increase 0.5->1.0% stated as police funding,no,confirmed,https://www.ritaohio.com/Media/702311/Bethel%20Inc%20Tax%20Ord%20No.%201909%20Eff%2007_01_2019%20with%202024%20insert.pdf; https://www.ritaohio.com/municipalities/Home/MemberPage?id=116
brecksville,87.5,100,2021-01-01,n/a: automatic reversion under the ordinance that set 87.5% for TY2015-2020 (that ordinance not located),not found,"87.5% credit was set to revert to 100% at earlier of 1/1/2025 or Jan 1 after 3 consecutive years of receipts > $18M; trigger met, reverted for TY2021 with no new council action (bond Official Statement)",yes (reversion clause enacted pre-2015; no post-2020 action),effective-date-only,https://www.edwardjones.com/sites/default/files/acquiadam/2025-08/OH-Brecksville-POS.pdf; https://brecksville.oh.us/City%20Taxes/taxes.html; https://www.ritaohio.com/municipalities/Home/MemberPage?id=130
bremen,100,50,2021-01-01,2020-11-09,Ord. 2020-13,recitals: council heard a RITA presentation on effects of the 100% credit and found 50% in the Village's best interest,no,confirmed,https://website.bremenvillage.com/wp-content/uploads/2020/11/RITA-resolution.pdf; https://bremenvillage.com/index.php/ordinances/; https://www.ritaohio.com/municipalities/Home/MemberPage?id=132
crestline,100,0,2025-01-01,not found,not found,none found for the ordinance (cap also cut 1.5->1.0 on 2024-01-01),unknown (effective 2025),effective-date-only,https://www.ritaohio.com/municipalities/Home/MemberPage?id=227
degraff,50,0,2020-01-01 (in force by then per RITA page),"not found (likely Ord. 19-2, number only)",19-2? (village list names it as the tax ordinance replaced in 2024; text/date not found),none found,unknown,effective-date-only,https://degraffoh.com/village-ordinances-and-resolutions/; https://www.ritaohio.com/municipalities/Home/MemberPage?id=249
fayette,100,50,2025-01-01,2024-11-25,Ord. 2024-12 (amends 166.081),none beyond emergency boilerplate,no,confirmed,https://www.ritaohio.com/Media/702532/2024_12%20amendment%20Fayette-hb5-tax%20ord.pdf; https://www.ritaohio.com/municipalities/Home/MemberPage?id=295
fostoria,100,50,2017 (exact date not found),not found,not found,news: phase-out of resident credit was part of the fiscal-emergency financial recovery plan (fiscal emergency declared May 2016),yes (by year),effective-date-only,https://www.advertiser-tribune.com/news/local-news/2017/06/fostoria-board-numbers-accurate/; https://www.toledoblade.com/local/2016/12/02/Fostoria-financial-recovery-plan-adds-tax-hikes/stories/20161201260; https://www.ritaohio.com/municipalities/Home/MemberPage?id=305
fostoria,50,0,2018 (exact date not found),not found,not found,same recovery-plan phase-out (no 2018-specific source),yes (by year),effective-date-only,https://www.toledoblade.com/local/2016/12/02/Fostoria-financial-recovery-plan-adds-tax-hikes/stories/20161201260; https://www.ritaohio.com/municipalities/Home/MemberPage?id=305
gahanna,83.33,100,2019-07-01,"2019-05-07 (voter approval, Issue 12); codified by ORD-017-2019 passed 2019-09-03",Issue 12 / ORD-017-2019,paired with rate increase 1.5->2.5%; proceeds for capital improvements (75%) and operations (25%),yes,confirmed,https://gahanna.legistar.com/LegislationDetail.aspx?ID=4080868; https://www.wosu.org/news/2019-05-08/election-2019-voters-approve-bond-columbus-bond-package-gahanna-tax-increase; https://www.wosu.org/news/2019-01-15/gahanna-considers-tax-hike-for-residents-working-outside-city
harrison,100,0,2025-01-01 (interim cap cut to 0.5% on 2024-01-01),2023-12-18,Res. 16-23 (amends 183.06),"city: fire levy not renewed, funding needed for public safety and roads; ~70% of residents work outside Harrison",no,confirmed,https://www.ritaohio.com/Media/702330/harrison-hb5-tax-ord%20with%20insert.pdf; https://www.harrisonohio.gov/DocumentCenter/View/7227/Understanding-Harrisons-Income-Tax-and-How-It-Supports-the-Community; https://harrisonohio.gov/CivicAlerts.aspx?AID=444
lakemore,50,100,2016 (exact date not found; tied to exit from fiscal emergency 2016-11-10),not found,not found,Auditor termination report: recovery plan provided credit rises to 100% once Village leaves fiscal emergency,yes (by year),unresolved,https://ohioauditor.gov/AuditSearch/Reports/2016/Lakemore_Termination_Report.pdf; https://www.ritaohio.com/municipalities/Home/MemberPage?id=401
mayfield heights,50,100,2020-07-01,2019-11-25 (council); contingent rate increase approved by voters in the April 2020 mail-in primary,Ord. 2019-38 (contingent on Ord. 2019-37 rate 1.0->1.5%),"paired with rate increase; revenue for parks, pool, sidewalks, roads",yes (council); voter activation post-COVID,confirmed,https://www.mayfieldheightsohio.gov/DocumentCenter/View/3103/Ord-2019-38---Chapter-794-Earned-Income-Tax-Regulations; https://www.mayfieldheightsohio.gov/705/2020-Income-Tax; https://www.wosu.org/ideastream/2020-04-29/mayfield-heights-income-tax-hike-up-by-43-votes-in-initial-ballot-count
newburgh heights,0,30,2018 (exact date not found),not found,not found,none found,yes (by year),unresolved,https://ohioauditor.gov/AuditSearch/Reports/2019/Village_of_Newburgh_Heights_18_Cuyahoga.pdf; https://www.ritaohio.com/municipalities/Home/MemberPage?id=540
newburgh heights,30,75,2019 (exact date not found),not found,not found,none found,yes (by year),unresolved,https://ohioauditor.gov/Auditsearch/Reports/2022/Village_of_Newburgh_Heights_20_19-Cuyahoga_FINAL.pdf; https://www.ritaohio.com/municipalities/Home/MemberPage?id=540
rittman,100,0,2023 (per RITA page; exact date not found),"2023, after failed ballot measures (no date/number found)",not found,"Auditor: after measures to restore 1.5% rate failed in May and Nov 2023, council rescinded the credit; follows 2022 discovery that city had over-collected at 1.5%",no,effective-date-only,https://ohioauditor.gov/AuditSearch/Reports/2024/City_of_Rittman_23_Wayne_FINAL.pdf; https://www.ritaohio.com/municipalities/Home/MemberPage?id=673
south euclid,75,0,2019-03-11,2019-03-25 (3rd reading; introduced 2018-11-12),Ord. 31-18 (amends 172.06),WHEREAS clauses: credit is feasible only in economic stability; budget shortfalls from state LGF/estate/CAT cuts and failed Nov 2018 levy,yes,confirmed (spring 2019 newsletter not located; ordinance text itself states effective 3/11/2019),https://archive.cityofsoutheuclid.com/wp-content/uploads/2019/03/SE-03-11-19-Meeting-of-Council-Agenda-Legislation.pdf; https://archive.cityofsoutheuclid.com/wp-content/uploads/2019/03/SE-03-25-19-Council-Meeting.pdf; https://archive.cityofsoutheuclid.com/wp-content/uploads/2019/04/SE-04-08-19-Council-Agenda-Legislation.pdf
st paris,100,0,2017-01-01,2016-12-19,Ord. 16-903,none stated (preamble: credit provisions 'require modification'),yes,confirmed,https://web.archive.org/web/20210427142958id_/https://www.stparisohio.org/wp-content/uploads/2019/02/2016-903_ordinance_to_amend_chapter_100_of_the_codified_ordinances_of_the_village_of_st._paris_regarding_municipal_income_tax.pdf; https://ohioauditor.gov/AuditSearch/Reports/2024/Village_of_Saint_Paris_2023_2022_Champaign_FINAL.pdf
timberlake,100,0,2023-01-01,"2018-04-17 (Ord. 2018-7, never implemented by collector); effective date reset by Res. 2022-37 passed 2022-11-15",Ord. 2018-7; Res. 2022-37,none stated for elimination; 2022 resolution fixed non-implementation without back-collection,yes (2018 vote); deferral act post-COVID,confirmed,https://villageoftimberlake.com/wp-content/uploads/2024/05/Timberlake-Codified-Ordinances.pdf; https://villageoftimberlake.com/wp-content/uploads/2023/01/Council-Meeting-12.20.2022-Minutes.pdf; https://villageoftimberlake.com/wp-content/uploads/2022/11/Council-Meeting-11.15.2022-Minutes.pdf
wellington,0,100,2019-01-01,2018-11-07,Ord. 2018-37,council had pledged (Res. 2018-26) to reinstate credit if voters approved Issue 34 rate increase 1.00->1.75% (passed 11/6/2018),yes,confirmed,https://www.villageofwellington.com/Archive/ViewFile/Item/404; https://www.villageofwellington.com/Archive/ViewFile/Item/395; https://codelibrary.amlegal.com/codes/wellington/latest/wellington_oh/0-0-0-32217; https://web.archive.org/web/20190720164720/http://ritaohio.com/Municipalities/Home/MemberPage?id=833
wellsville,0,50,2018-01-01,2017-07-18 (voter approval of rate increase 2017-11-07),Ord. 17-17,bundled with rate increase 1.0->1.5% for police and street paving; credit itself not separately justified,yes,confirmed,https://www.ritaohio.com/Media/701950/Wellsville%20RITA%20ORD%20(2).pdf; https://web.archive.org/web/20180212052627/http://www.ritaohio.com:80/Municipalities/Home/MemberPage?id=839
west lafayette,0,100,not found,not found,not found,"ordinances 2012-21 and 2016-44 already grant a 100% credit, so 0->100 in 2017 is likely a report artifact (RITA start 10/1/2017); separately, Ord. 2021-74 (passed 2021-11-22) cut the cap 1.5->0.75 effective 2022-01-01",unknown,unresolved (premise contradicted),https://www.ritaohio.com/Media/700227/West%20Lafayette_Pre%20HB5_Tax%20Ord.pdf; https://www.ritaohio.com/Media/700151/West%20Lafayette_Post%20HB5_Tax%20Ord.pdf; https://www.ritaohio.com/Media/701506/2021-74%20ORDINANCE%20TO%20AMEND%20INCOME%20TAX%20CODE.pdf
yellow springs,100,50,2023-01-01 (retroactive),2023-03-20,Ord. 2023-10 (amends 881.06),"close projected ~$3M 2023 General Fund deficit (~$240,673/yr); council president cited lost estate tax, reduced state withholding, sales tax going to county",no,confirmed,https://ysnews.com/news/2023/03/village-council-weighs-income-tax-changes; https://clerkshq.com/Content/Attachments/YellowSprings-OH/230403_consent1.pdf?clientSite=YellowSprings-OH; https://www.ritaohio.com/municipalities/Home/MemberPage?id=906
