20040101,99991231,00142,ABERDEEN,.01000
20020101,20110630,00198,ADA,.01150
20110701,99991231,00198,ADA,.01650
20020101,20121231,00436,ADDYSTON,.01000
20130101,99991231,00436,ADDYSTON,.01500
20100101,99991231,00450,ADELPHI,.01000
20020101,20031231,01000,AKRON,.02000
20040101,20171231,01000,AKRON,.02250
20180101,99991231,01000,AKRON,.02500
20200101,99991231,01154,ALEXANDRIA,.01000
20020101,99991231,01210,ALGER,.01000
20020101,20070630,01420,ALLIANCE,.01750
20070701,99991231,01420,ALLIANCE,.02000
20020101,20070831,01588,ALVORDTON,.01000
20150901,99991231,01630,AMANDA,.01000
20020101,99991231,01672,AMBERLEY,.02000
20180701,99991231,01742,AMELIA,.01000
20020101,99991231,01798,AMHERST,.01500
20140701,99991231,01938,AMSTERDAM,.01000
20020101,99991231,02050,ANDOVER,.01500
20020101,99991231,02092,ANNA,.01750
20020101,99991231,02120,ANSONIA,.01000
20060912,99991231,02204,ANTWERP,.01000
20020101,99991231,02232,APPLE CREEK,.01000
20020101,20101231,02330,ARCANUM,.00500
20110101,99991231,02330,ARCANUM,.01000
20020101,99991231,02344,ARCHBOLD,.01500
20020101,99991231,02400,ARLINGTON,.01000
20020101,20021231,02428,ARLINGTON HEIGHTS,.01700
20030101,99991231,02428,ARLINGTON HEIGHTS,.02100
20020101,20161231,02568,ASHLAND,.01500
20170101,99991231,02568,ASHLAND,.02000
20160101,99991231,02582,ASHLEY,.01000
20020101,99991231,02638,ASHTABULA,.01800
20020101,20071231,02680,ASHVILLE,.00500
20080101,99991231,02680,ASHVILLE,.01000
20020101,20031231,02736,ATHENS,.01750
20040101,20101231,02736,ATHENS,.01650
20110101,20111231,02736,ATHENS,.01750
20120101,20161231,02736,ATHENS,.01650
20170101,99991231,02736,ATHENS,.01850
20020101,20030331,03086,AURORA,.01000
20030401,99991231,03086,AURORA,.02000
20020101,20071231,03352,AVON,.01500
20080101,99991231,03352,AVON,.01750
20020101,99991231,03464,AVON LAKE,.01500
20020101,20151231,03744,BALTIC,.01000
20160101,99991231,03744,BALTIC,.01500
20020101,99991231,03758,BALTIMORE,.01000
20020101,20131231,03828,BARBERTON,.02000
20140101,99991231,03828,BARBERTON,.02250
20020101,99991231,03926,BARNESVILLE,.01000
20020101,99991231,04150,BATAVIA,.01000
20020101,99991231,04416,BAY VILLAGE,.01500
20020101,99991231,04458,BEACH CITY,.01000
20020101,20101231,04500,BEACHWOOD,.01500
20110101,99991231,04500,BEACHWOOD,.02000
20100101,99991231,04752,BEAVERDAM,.01000
20020101,20171231,04878,BEDFORD,.02250
20180101,99991231,04878,BEDFORD,.03000
20020101,99991231,04920,BEDFORD HEIGHTS,.02000
20020101,99991231,05074,BELLAIRE,.01000
20020101,99991231,05116,BELLE CENTER,.01000
20020101,99991231,05130,BELLEFONTAINE,.01333
20020101,20180630,05228,BELLEVUE,.01500
20180701,99991231,05228,BELLEVUE,.02000
20020101,99991231,05284,BELLVILLE,.01000
20020101,99991231,05424,BELPRE,.01000
20020101,99991231,05550,BENTLEYVILLE,.01000
20020101,99991231,05690,BEREA,.02000
20160101,20181202,06068,BETHEL,.00500
20190701,99991231,06068,BETHEL,.00500
20070101,99991231,06194,BETTSVILLE,.01000
20020101,99991231,06222,BEVERLY,.01000
20020101,20111231,06278,BEXLEY,.02000
20120101,99991231,06278,BEXLEY,.02500
20020101,99991231,07062,BLOOMDALE,.01000
20120101,99991231,07202,BLOOMINGDALE,.01000
20190101,99991231,07286,BLOOMVILLE,.01000
20020101,20061231,07300,BLUE ASH,.01000
20070101,99991231,07300,BLUE ASH,.01250
20020101,20051231,07426,BLUFFTON,.01000
20060101,99991231,07426,BLUFFTON,.01250
20020101,99991231,07594,BOLIVAR,.01000
20020101,20041231,07790,BOSTON HEIGHTS,.01500
20050101,99991231,07790,BOSTON HEIGHTS,.02000
20020101,99991231,07832,BOTKINS,.01500
20020101,99991231,07916,BOWERSTON,.01000
20020101,20101231,07972,BOWLING GREEN,.01920
20110101,99991231,07972,BOWLING GREEN,.02000
20020101,99991231,08084,BRADFORD,.01000
20020101,99991231,08112,BRADNER,.01000
20020101,20170714,08168,BRADY LAKE,.01000
20020101,20190531,08336,BRATENAHL,.01500
20190601,99991231,08336,BRATENAHL,.02000
20020101,99991231,08364,BRECKSVILLE,.02000
20020101,99991231,08392,BREMEN,.01000
20020101,20101231,08504,BREWSTER,.01330
20110101,20161231,08504,BREWSTER,.01000
20170101,20191231,08504,BREWSTER,.01500
20200101,99991231,08504,BREWSTER,.02000
20020101,20071231,08532,BRICE,.01000
20080101,99991231,08532,BRICE,.02000
20190801,99991231,08560,BRIDGEPORT,.01000
20020101,99991231,09064,BROADVIEW HEIGHTS,.02000
20020101,99991231,09288,BROOK PARK,.02000
20020101,20090531,09246,BROOKLYN,.02000
20090601,99991231,09246,BROOKLYN,.02500
20020101,20180630,09274,BROOKLYN HEIGHTS,.02000
20180701,99991231,09274,BROOKLYN HEIGHTS,.02500
20020101,20151231,09358,BROOKVILLE,.01750
20160101,99991231,09358,BROOKVILLE,.02000
20020101,20091231,09680,BRUNSWICK,.01350
20100101,20171231,09680,BRUNSWICK,.01850
20180101,99991231,09680,BRUNSWICK,.02000
20020101,20051231,09792,BRYAN,.01500
20060101,99991231,09792,BRYAN,.01800
20130701,99991231,09974,BUCKLAND,.01000
20020101,20131231,10030,BUCYRUS,.01500
20140101,99991231,10030,BUCYRUS,.02000
20020101,99991231,10436,BURTON,.01000
20020101,99991231,10632,BUTLER,.01000
20020101,99991231,10716,BYESVILLE,.01000
20020101,99991231,10800,CADIZ,.01000
20060401,20070630,10884,CAIRO,.01000
20070701,99991231,10884,CAIRO,.00500
20120101,20131231,10940,CALDWELL,.01000
20140101,20171231,10940,CALDWELL,.00000
20180101,99991231,10940,CALDWELL,.01000
20020101,20021231,10996,CAMBRIDGE,.01200
20030101,20091231,10996,CAMBRIDGE,.01500
20100101,99991231,10996,CAMBRIDGE,.02000
20140101,99991231,11024,CAMDEN,.01000
20020101,99991231,11066,CAMPBELL,.02500
20020101,20031231,11304,CANAL FULTON,.01000
20040101,20071231,11304,CANAL FULTON,.01100
20080101,20191231,11304,CANAL FULTON,.01500
20200101,99991231,11304,CANAL FULTON,.02000
20020101,99991231,11332,CANAL WINCHESTER,.02000
20020101,99991231,11360,CANFIELD,.01000
20020101,20180630,12000,CANTON,.02000
20180701,99991231,12000,CANTON,.02500
20020101,99991231,12084,CARDINGTON,.01000
20020101,99991231,12112,CAREY,.01500
20020101,99991231,12168,CARLISLE,.01500
20020101,99991231,12252,CARROLL,.00750
20020101,99991231,12280,CARROLLTON,.01000
20020101,20021231,12504,CASTINE,.01000
20030101,99991231,12504,CASTINE,.00000
20020101,99991231,12560,CATAWBA,.01000
20040101,99991231,12700,CECIL,.01000
20020101,20150630,12784,CEDARVILLE,.01000
20150701,99991231,12784,CEDARVILLE,.01250
20020101,20101231,12868,CELINA,.01000
20110101,99991231,12868,CELINA,.01500
20020101,99991231,13036,CENTERBURG,.01000
20020101,20161231,13190,CENTERVILLE,.01750
20170101,99991231,13190,CENTERVILLE,.02250
20020101,20161231,13358,CHAGRIN FALLS,.01500
20170101,99991231,13358,CHAGRIN FALLS,.01850
20020101,20041231,13554,CHARDON,.01000
20050101,99991231,13554,CHARDON,.02000
20180701,99991231,14114,CHESTERVILLE,.01000
20020101,99991231,14128,CHEVIOT,.02000
20020101,20151231,14184,CHILLICOTHE,.01600
20160101,99991231,14184,CHILLICOTHE,.02000
20020101,99991231,15000,CINCINNATI,.02100
20020101,20141231,15070,CIRCLEVILLE,.01500
20150101,20191231,15070,CIRCLEVILLE,.02000
20200101,99991231,15070,CIRCLEVILLE,.02500
20160701,99991231,15406,CLARKSVILLE,.01000
20020101,99991231,15588,CLAY CENTER,.01500
20040101,99991231,15644,CLAYTON,.01500
20020101,20161231,16000,CLEVELAND,.02000
20170101,99991231,16000,CLEVELAND,.02500
20020101,20151231,16014,CLEVELAND HEIGHTS,.02000
20160101,99991231,16014,CLEVELAND HEIGHTS,.02250
20120101,99991231,16182,CLINTON,.01000
20020101,99991231,16308,CLYDE,.01500
20020101,99991231,16378,COAL GROVE,.01000
20020101,99991231,16532,COLDWATER,.01000
20020101,99991231,17036,COLUMBIANA,.01000
20020101,20090930,18000,COLUMBUS,.02000
20091001,99991231,18000,COLUMBUS,.02500
20020101,20031231,18014,COLUMBUS GROVE,.01000
20040101,99991231,18014,COLUMBUS GROVE,.01250
20090101,20151231,18070,COMMERCIAL POINT,.01000
20160101,99991231,18070,COMMERCIAL POINT,.00750
20150101,20181231,18266,CONESVILLE,.01000
20190101,99991231,18266,CONESVILLE,.00500
20020101,20051231,18350,CONNEAUT,.01650
20060101,20121231,18350,CONNEAUT,.01800
20130101,99991231,18350,CONNEAUT,.01650
20120101,99991231,18504,CONTINENTAL,.01000
20020101,99991231,18546,CONVOY,.01000
20020101,20041231,18840,CORWIN,.01000
20050101,99991231,18840,CORWIN,.00500
20020101,20050531,18868,COSHOCTON,.01000
20050601,20150630,18868,COSHOCTON,.01500
20150701,99991231,18868,COSHOCTON,.02000
20020101,99991231,19050,COVINGTON,.01500
20020101,99991231,19330,CRESTLINE,.02000
20020101,20061120,19344,CRESTON,.01000
20061121,20080203,19344,CRESTON,.00000
20080204,99991231,19344,CRESTON,.01000
20040401,99991231,19400,CRIDERSVILLE,.01000
20020101,99991231,19456,CROOKSVILLE,.01500
20020101,99991231,19778,CUYAHOGA FALLS,.02000
20020101,20021231,19806,CUYAHOGA HEIGHTS,.01500
20030101,20161231,19806,CUYAHOGA HEIGHTS,.02000
20170101,99991231,19806,CUYAHOGA HEIGHTS,.02500
20020101,99991231,19820,CYGNET,.01000
20020101,99991231,19974,DALTON,.01000
20020101,20151231,20114,DANVILLE,.01000
20160101,99991231,20114,DANVILLE,.01500
20161001,99991231,20212,DARBYVILLE,.01000
20020101,20161231,21000,DAYTON,.02250
20170101,99991231,21000,DAYTON,.02500
20020101,99991231,21378,DE GRAFF,.01000
20020101,99991231,21266,DEER PARK,.01500
20020101,20050531,21308,DEFIANCE,.01300
20050601,20131231,21308,DEFIANCE,.01500
20140101,99991231,21308,DEFIANCE,.01800
20020101,20081231,21434,DELAWARE,.01400
20090101,20101231,21434,DELAWARE,.01550
20110101,99991231,21434,DELAWARE,.01850
20010101,99991231,21560,DELLROY,.00000
20020101,20140630,21602,DELPHOS,.01500
20140701,99991231,21602,DELPHOS,.01750
20020101,99991231,21616,DELTA,.01500
20020101,99991231,21714,DENNISON,.02000
20020101,20050112,21812,DESHLER,.00500
20050113,20081231,21812,DESHLER,.01000
20090101,20141231,21812,DESHLER,.00750
20150101,99991231,21812,DESHLER,.01000
20020101,20061231,22456,DOVER,.01000
20070101,99991231,22456,DOVER,.01500
20020101,20071231,22568,DOYLESTOWN,.01500
20080101,99991231,22568,DOYLESTOWN,.02000
20020101,99991231,22610,DRESDEN,.01000
20020101,99991231,22694,DUBLIN,.02000
20020101,99991231,22946,DUNKIRK,.01000
20020101,20031231,23324,EAST CANTON,.01000
20040101,99991231,23324,EAST CANTON,.01500
20020101,99991231,23380,EAST CLEVELAND,.02000
20020101,99991231,23730,EAST LIVERPOOL,.01500
20020101,20191231,23940,EAST PALESTINE,.01000
20200101,99991231,23940,EAST PALESTINE,.01500
20020101,99991231,23618,EASTLAKE,.02000
20020101,99991231,24234,EATON,.01500
20020101,20141231,24486,EDGERTON,.01000
20150101,99991231,24486,EDGERTON,.01750
20090101,99991231,24598,EDISON,.00500
20020101,20031231,24640,EDON,.01000
20040101,99991231,24640,EDON,.01500
20060401,99991231,24808,ELIDA,.00750
20020101,20051231,25144,ELMORE,.01000
20060101,99991231,25144,ELMORE,.01750
20020101,99991231,25186,ELMWOOD PLACE,.02000
20020101,20160630,25256,ELYRIA,.01750
20160701,99991231,25256,ELYRIA,.02250
20140801,99991231,25368,EMPIRE,.01000
20020101,99991231,25396,ENGLEWOOD,.01750
20020101,99991231,25704,EUCLID,.02850
20020101,20041231,25802,EVENDALE,.00900
20050101,99991231,25802,EVENDALE,.01200
20020101,20041231,25914,FAIRBORN,.01000
20050101,99991231,25914,FAIRBORN,.01500
20020101,20040331,25942,FAIRFAX,.01250
20040401,99991231,25942,FAIRFAX,.01750
20020101,99991231,25970,FAIRFIELD,.01500
20020101,99991231,26166,FAIRLAWN,.02000
20020101,99991231,26306,FAIRPORT HARBOR,.02000
20020101,20050331,26446,FAIRVIEW PARK,.01500
20050401,99991231,26446,FAIRVIEW PARK,.02000
20020101,99991231,26656,FARMERSVILLE,.01000
20020101,99991231,26768,FAYETTE,.01500
20020101,99991231,26880,FELICITY,.01000
20020101,20091231,27048,FINDLAY,.01000
20100101,20121231,27048,FINDLAY,.01250
20130101,99991231,27048,FINDLAY,.01000
20020101,99991231,27636,FOREST,.01250
20020101,20070630,27706,FOREST PARK,.01000
20070701,99991231,27706,FOREST PARK,.01500
20020101,99991231,27818,FORT JENNINGS,.01000
20020101,99991231,27832,FORT LORAMIE,.01500
20020101,99991231,27902,FORT RECOVERY,.01000
20020101,99991231,28014,FOSTORIA,.02000
20020101,20110630,28476,FRANKLIN,.01500
20110701,99991231,28476,FRANKLIN,.02000
20020101,99991231,28574,FRAZEYSBURG,.01000
20120101,99991231,28616,FREDERICKSBURG,.01000
20020101,99991231,28658,FREDERICKTOWN,.01000
20170101,20170101,28798,FREEPORT,.01000
20020101,99991231,28826,FREMONT,.01500
20020101,20190630,29106,GAHANNA,.01500
20190701,99991231,29106,GAHANNA,.02500
20020101,99991231,29148,GALENA,.01000
20020101,20060630,29162,GALION,.01500
20060701,99991231,29162,GALION,.02000
20020101,99991231,29204,GALLIPOLIS,.01000
20020101,99991231,29246,GAMBIER,.01500
20020101,99991231,29428,GARFIELD HEIGHTS,.02000
20020101,20071231,29442,GARRETTSVILLE,.01500
20080101,99991231,29442,GARRETTSVILLE,.01750
20020101,99991231,29498,GATES MILLS,.01000
20020101,99991231,29610,GENEVA,.01500
20020101,20120831,29652,GENEVA-ON-THE-LAKE,.01000
20120901,99991231,29652,GENEVA-ON-THE-LAKE,.01500
20020101,99991231,29722,GENOA,.01500
20020101,20131231,29778,GEORGETOWN,.00500
20140101,99991231,29778,GEORGETOWN,.01000
20020101,20181231,29932,GERMANTOWN,.01250
20190101,99991231,29932,GERMANTOWN,.01500
20170101,99991231,29974,GETTYSBURG,.01000
20020101,99991231,30072,GIBSONBURG,.01000
20020101,99991231,30198,GIRARD,.02000
20020101,99991231,30282,GLANDORF,.01500
20020101,99991231,30632,GLENWILLOW,.02000
20020101,99991231,30702,GNADENHUTTEN,.01500
20020101,99991231,30786,GOLF MANOR,.01700
20020101,99991231,31150,GRAFTON,.01500
20020101,99991231,31206,GRAND RAPIDS,.01000
20020101,99991231,31234,GRAND RIVER,.02000
99991231,99991231,31262,GRANDVIEW,.00000
20020101,20050630,31304,GRANDVIEW HEIGHTS,.02000
20050701,20081231,31304,GRANDVIEW HEIGHTS,.02500
20090101,20100630,31304,GRANDVIEW HEIGHTS,.02250
20100701,99991231,31304,GRANDVIEW HEIGHTS,.02500
20020101,99991231,31402,GRANVILLE,.01500
20140101,99991231,31472,GRATIS,.01000
20020101,20031231,31860,GREEN,.01000
20040101,99991231,31860,GREEN,.02000
20020101,99991231,32256,GREEN SPRINGS,.01000
20020101,99991231,32088,GREENFIELD,.01625
20020101,20051231,32158,GREENHILLS,.01000
20060101,99991231,32158,GREENHILLS,.01500
20020101,20041231,32340,GREENVILLE,.01000
20050101,99991231,32340,GREENVILLE,.01500
20020101,99991231,32368,GREENWICH,.01000
20020101,99991231,32592,GROVE CITY,.02000
20020101,99991231,32606,GROVEPORT,.02000
20020101,99991231,33012,HAMILTON,.02000
20020101,99991231,33096,HAMLER,.01000
20170101,99991231,33292,HANOVER,.01000
20020101,99991231,33740,HARRISBURG,.01000
20020101,99991231,33838,HARRISON,.01000
20120101,99991231,34118,HARROD,.01000
20020101,99991231,34328,HARTVILLE,.01000
20020101,99991231,34412,HASKINS,.01000
20020101,20171231,34748,HEATH,.01500
20180101,99991231,34748,HEATH,.02000
20020101,20090630,34790,HEBRON,.01000
20090701,99991231,34790,HEBRON,.01500
20020101,99991231,35098,HICKSVILLE,.01000
20020101,20061231,35252,HIGHLAND HEIGHTS,.01500
20070101,99991231,35252,HIGHLAND HEIGHTS,.02000
20020101,99991231,35255,HIGHLAND HILLS,.02500
20020101,99991231,35476,HILLIARD,.02000
20020101,99991231,35560,HILLSBORO,.01500
20020101,20180630,35658,HIRAM,.02000
20180701,99991231,35658,HIRAM,.02250
20020101,99991231,35854,HOLGATE,.01000
20020101,99991231,35882,HOLLAND,.02250
20020101,99991231,36260,HOPEDALE,.01000
20020101,20041231,36582,HUBBARD,.01000
20050101,99991231,36582,HUBBARD,.01500
20020101,20051231,36610,HUBER HEIGHTS,.01950
20060101,20081231,36610,HUBER HEIGHTS,.02250
20090101,20141231,36610,HUBER HEIGHTS,.02000
20150101,99991231,36610,HUBER HEIGHTS,.02250
20020101,20041231,36651,HUDSON,.01000
20050101,99991231,36651,HUDSON,.02000
20020101,20021231,36918,HUNTING VALLEY,.00750
20030101,99991231,36918,HUNTING VALLEY,.00000
20020101,99991231,36988,HUNTSVILLE,.01000
20020101,99991231,37016,HURON,.01000
20020101,99991231,37240,INDEPENDENCE,.02000
20060101,20111231,76582,INDIAN HILL,.00400
20120101,20141231,76582,INDIAN HILL,.00600
20150101,20151231,76582,INDIAN HILL,.00575
20160101,20171231,76582,INDIAN HILL,.00550
20180101,99991231,76582,INDIAN HILL,.00525
20020101,99991231,37464,IRONTON,.01000
20180701,20181124,37842,JACKSON,.01000
20020101,99991231,38220,JACKSON CENTER,.01500
20020101,99991231,38374,JAMESTOWN,.00500
20020101,20050630,38500,JEFFERSON,.01000
20050701,99991231,38500,JEFFERSON,.01500
20020101,99991231,38920,JEFFERSONVILLE,.01000
20140101,20140101,39060,JEROMESVILLE,.00000
20130101,99991231,39074,JERRY CITY,.01000
20020101,99991231,39172,JEWETT,.01000
20020101,99991231,39340,JOHNSTOWN,.01000
20020101,99991231,39536,KALIDA,.01000
20020101,20131231,39872,KENT,.02000
20140101,99991231,39872,KENT,.02250
20020101,99991231,39886,KENTON,.01500
20020101,20061231,40040,KETTERING,.01750
20070101,99991231,40040,KETTERING,.02250
20090101,20121231,40054,KETTLERSVILLE,.01000
20130101,99991231,40054,KETTLERSVILLE,.00000
20100101,99991231,40180,KILLBUCK,.01000
20020101,99991231,40558,KIRBY,.01000
20170701,99991231,40572,KIRKERSVILLE,.01000
20020101,99991231,40642,KIRTLAND,.02000
20020101,99991231,41230,LAGRANGE,.01500
20120101,99991231,41398,LAKELINE,.01000
20020101,20171231,41454,LAKEMORE,.02000
20180101,99991231,41454,LAKEMORE,.02250
20020101,20151231,41608,LAKEVIEW,.01000
20160101,99991231,41608,LAKEVIEW,.01500
20020101,99991231,41664,LAKEWOOD,.01500
20020101,20050630,41720,LANCASTER,.01600
20050701,99991231,41720,LANCASTER,.01750
20020101,99991231,42364,LEBANON,.01000
20020101,20041231,42476,LEESBURG,.00500
20050101,99991231,42476,LEESBURG,.01000
20020101,99991231,42560,LEETONIA,.01500
20020101,99991231,42602,LEIPSIC,.01500
20020101,20151231,42938,LEWISBURG,.01500
20160101,99991231,42938,LEWISBURG,.01750
20020101,99991231,42994,LEXINGTON,.01000
20020101,99991231,43414,LIBERTY CENTER,.01000
20020101,99991231,43554,LIMA,.01500
20020101,99991231,43722,LINCOLN HEIGHTS,.02000
20020101,99991231,43918,LINNDALE,.02000
20020101,20191231,44030,LISBON,.01500
20200101,99991231,44030,LISBON,.02000
20020101,20141231,44086,LITHOPOLIS,.01000
20150101,99991231,44086,LITHOPOLIS,.01500
20020101,99991231,44310,LOCKBOURNE,.01000
20020101,99991231,44366,LOCKLAND,.02100
20180101,99991231,44604,LODI,.01000
20020101,20151231,44632,LOGAN,.01500
20160101,99991231,44632,LOGAN,.02000
20020101,20130630,44674,LONDON,.01000
20130701,99991231,44674,LONDON,.01500
20020101,20050228,44856,LORAIN,.01750
20050301,20121231,44856,LORAIN,.02000
20130101,99991231,44856,LORAIN,.02500
20020101,20060630,44912,LORDSTOWN,.00500
20060701,99991231,44912,LORDSTOWN,.01000
20020101,99991231,45066,LOUDONVILLE,.01750
20020101,99991231,45094,LOUISVILLE,.02000
20020101,99991231,45108,LOVELAND,.01000
20020101,20101231,45178,LOWELLVILLE,.01500
20110101,99991231,45178,LOWELLVILLE,.02000
20020101,99991231,45332,LUCKEY,.01000
20020101,20141231,45556,LYNDHURST,.01500
20150101,99991231,45556,LYNDHURST,.02000
20161101,99991231,45626,LYONS,.01000
20020101,20101231,45976,MACEDONIA,.02000
20110101,20131231,45976,MACEDONIA,.02250
20140101,20170630,45976,MACEDONIA,.02000
20170701,20181231,45976,MACEDONIA,.02250
20190101,99991231,45976,MACEDONIA,.02500
20020101,99991231,46312,MADEIRA,.01000
20020101,99991231,46480,MADISON,.01000
20040101,99991231,46872,MAINEVILLE,.01000
20020101,99991231,46942,MALINTA,.01000
20020101,99991231,46970,MALTA,.01000
20020101,99991231,46998,MALVERN,.01000
20020101,20061231,47012,MANCHESTER,.00500
20070101,99991231,47012,MANCHESTER,.01000
20020101,20131231,47138,MANSFIELD,.01750
20140101,99991231,47138,MANSFIELD,.02000
20020101,99991231,47180,MANTUA,.01500
20020101,20070228,47306,MAPLE HEIGHTS,.02000
20070301,99991231,47306,MAPLE HEIGHTS,.02500
20020101,99991231,47474,MARBLE CLIFF,.02000
20161201,99991231,47558,MARENGO,.01000
20020101,99991231,47600,MARIEMONT,.01250
20020101,20181231,47628,MARIETTA,.01700
20190101,99991231,47628,MARIETTA,.01850
20020101,20121231,47754,MARION,.01750
20130101,99991231,47754,MARION,.02000
20020101,99991231,48048,MARSHALLVILLE,.01000
20020101,20141231,48104,MARTINS FERRY,.00750
20150101,99991231,48104,MARTINS FERRY,.01000
20020101,20100630,48160,MARYSVILLE,.01000
20100701,99991231,48160,MARYSVILLE,.01500
20020101,20121231,48188,MASON,.01000
20130101,99991231,48188,MASON,.01120
20020101,20161231,48244,MASSILLON,.01800
20170101,99991231,48244,MASSILLON,.02000
20020101,99991231,48342,MAUMEE,.01500
20020101,20100630,48468,MAYFIELD,.01500
20100701,99991231,48468,MAYFIELD,.02000
20020101,99991231,48482,MAYFIELD HEIGHTS,.01000
20020101,99991231,45794,MCCLURE,.01000
20020101,99991231,45808,MCCOMB,.01000
20020101,99991231,45822,MCCONNELSVILLE,.01000
20020101,99991231,45934,MCDONALD,.02000
20020101,99991231,46046,MCGUFFEY,.01000
20020101,99991231,48706,MECHANICSBURG,.01000
20020101,20031231,48790,MEDINA,.00500
20040101,99991231,48790,MEDINA,.01250
20100101,99991231,49000,MELROSE,.01000
20020101,99991231,49042,MENDON,.00000
20020101,99991231,49056,MENTOR,.02000
20020101,99991231,49098,MENTOR-ON-THE-LAKE,.02000
20020101,99991231,49238,METAMORA,.01000
20020101,20101231,49434,MIAMISBURG,.01750
20110101,99991231,49434,MIAMISBURG,.02250
20020101,99991231,49728,MIDDLE POINT,.01500
20020101,20061231,49644,MIDDLEBURG HEIGHTS,.01750
20070101,99991231,49644,MIDDLEBURG HEIGHTS,.02000
20020101,20181231,49700,MIDDLEFIELD,.01000
20190101,99991231,49700,MIDDLEFIELD,.01250
20020101,99991231,49756,MIDDLEPORT,.01000
20020101,20071231,49840,MIDDLETOWN,.01500
20080101,99991231,49840,MIDDLETOWN,.01750
20020101,99991231,49966,MIDVALE,.01000
20110101,99991231,50036,MIFFLIN,.01000
20020101,20100630,50134,MILAN,.00500
20100701,99991231,50134,MILAN,.01000
20020101,99991231,50176,MILFORD,.01000
20020101,99991231,50218,MILFORD CENTER,.01000
20020101,99991231,50260,MILLBURY,.01500
20110101,99991231,50358,MILLER CITY,.01000
20020101,20121231,50372,MILLERSBURG,.01000
20130101,99991231,50372,MILLERSBURG,.01500
20160701,99991231,50400,MILLERSPORT,.01000
20020101,99991231,50764,MINERAL CITY,.01000
20020101,20021231,50834,MINERVA,.01250
20030101,20041231,50834,MINERVA,.01000
20050101,20161231,50834,MINERVA,.01500
20170101,99991231,50834,MINERVA,.01750
20050101,20141231,50862,MINERVA PARK,.01000
20150101,99991231,50862,MINERVA PARK,.02000
20020101,20130630,50904,MINGO JUNCTION,.02000
20130701,20161231,50904,MINGO JUNCTION,.01975
20170101,99991231,50904,MINGO JUNCTION,.02000
20020101,99991231,50918,MINSTER,.01500
20020101,20100630,51058,MOGADORE,.02000
20100701,20190630,51058,MOGADORE,.02250
20190701,99991231,51058,MOGADORE,.02500
20020101,20060630,51310,MONROE,.01000
20060701,20171231,51310,MONROE,.01500
20180101,99991231,51310,MONROE,.02000
20020101,99991231,51618,MONROEVILLE,.01000
20020101,99991231,51716,MONTGOMERY,.01000
20020101,20111231,51772,MONTPELIER,.01500
20120101,99991231,51772,MONTPELIER,.01600
20020101,20041231,52010,MORAINE,.01500
20050101,20140630,52010,MORAINE,.02000
20140701,99991231,52010,MORAINE,.02500
20020101,99991231,52052,MORELAND HILLS,.01000
20131001,99991231,52276,MORRAL,.01000
20020101,99991231,52374,MORROW,.01000
20110701,20141231,52416,MOSCOW,.01000
20150101,99991231,52416,MOSCOW,.00000
20190101,99991231,52598,MOUNT BLANCHARD,.01000
20160101,99991231,52668,MOUNT CORY,.01000
20020101,99991231,52682,MOUNT EATON,.01000
20020101,99991231,52738,MOUNT GILEAD,.01000
20020101,20141231,52752,MOUNT HEALTHY,.01500
20150101,99991231,52752,MOUNT HEALTHY,.02000
20020101,20181231,52906,MOUNT ORAB,.01000
20190101,99991231,52906,MOUNT ORAB,.01350
20020101,99991231,53046,MOUNT STERLING,.01000
20020101,20171231,53102,MOUNT VERNON,.01500
20180101,99991231,53102,MOUNT VERNON,.02000
20130601,99991231,53144,MOUNT VICTORY,.01000
20020101,20171231,53312,MUNROE FALLS,.02000
20180101,99991231,53312,MUNROE FALLS,.02250
20020101,20090630,53550,NAPOLEON,.01200
20090701,99991231,53550,NAPOLEON,.01500
20020101,20190630,53690,NAVARRE,.01500
20190701,99991231,53690,NAVARRE,.01750
20020101,99991231,53886,NELSONVILLE,.01750
20020101,20030630,53970,NEW ALBANY,.01000
20030701,99991231,53970,NEW ALBANY,.02000
20110701,99991231,54110,NEW BAVARIA,.01000
20020101,20020630,54152,NEW BLOOMINGTON,.00000
20020701,99991231,54152,NEW BLOOMINGTON,.01000
20020101,99991231,54166,NEW BOSTON,.02500
20020101,99991231,54194,NEW BREMEN,.01500
20020101,20150630,54334,NEW CARLISLE,.01000
20150701,99991231,54334,NEW CARLISLE,.01500
20020101,20141231,54446,NEW CONCORD,.01000
20150101,99991231,54446,NEW CONCORD,.01500
20050901,20161231,54562,NEW FRANKLIN,.01000
20170101,99991231,54562,NEW FRANKLIN,.02000
20020101,99991231,54838,NEW KNOXVILLE,.01500
20020101,99991231,54852,NEW LEBANON,.01000
20020101,99991231,54866,NEW LEXINGTON,.01000
20020101,20101231,54908,NEW LONDON,.01000
20110101,99991231,54908,NEW LONDON,.01500
20080101,99991231,54978,NEW MADISON,.01000
20020101,99991231,55104,NEW MIAMI,.01750
20121001,99991231,55188,NEW PARIS,.01000
20020101,20050630,55216,NEW PHILADELPHIA,.01000
20050701,99991231,55216,NEW PHILADELPHIA,.01500
20100101,99991231,55384,NEW RICHMOND,.01000
20020101,99991231,55398,NEW RIEGEL,.01000
20020101,20030630,55776,NEW WASHINGTON,.01000
20030701,99991231,55776,NEW WASHINGTON,.01500
20030101,99991231,55790,NEW WATERFORD,.01000
20020101,99991231,54040,NEWARK,.01750
20020101,99991231,54250,NEWBURGH HEIGHTS,.02000
20020101,99991231,54432,NEWCOMERSTOWN,.02000
20020101,99991231,55650,NEWTON FALLS,.01000
20170101,99991231,55664,NEWTONSVILLE,.01000
20020101,99991231,55678,NEWTOWN,.01000
20160101,99991231,55874,NEY,.01000
20020101,20160630,55916,NILES,.01500
20160701,99991231,55916,NILES,.02000
20020101,99991231,56154,NORTH BALTIMORE,.01000
20020101,99991231,56294,NORTH CANTON,.01500
20020101,20021231,56322,NORTH COLLEGE HILL,.01000
20030101,99991231,56322,NORTH COLLEGE HILL,.01500
20020101,20141231,56700,NORTH KINGSVILLE,.01000
20150101,99991231,56700,NORTH KINGSVILLE,.01300
20020101,99991231,56770,NORTH LEWISBURG,.01000
20020101,99991231,56882,NORTH OLMSTED,.02000
20020101,99991231,56910,NORTH PERRY,.01000
20020101,20081231,56924,NORTH RANDALL,.02500
20090101,99991231,56924,NORTH RANDALL,.02750
20020101,99991231,56966,NORTH RIDGEVILLE,.01000
20140101,99991231,56994,NORTH ROBINSON,.01000
20020101,20061231,57008,NORTH ROYALTON,.01000
20070101,99991231,57008,NORTH ROYALTON,.02000
20100701,99991231,57064,NORTH STAR,.00500
20020101,20041231,56448,NORTHFIELD,.01500
20050101,99991231,56448,NORTHFIELD,.02000
20020101,99991231,57190,NORTHWOOD,.01500
20020101,20041231,57260,NORTON,.01500
20050101,99991231,57260,NORTON,.02000
20020101,99991231,57302,NORWALK,.01500
20020101,99991231,57386,NORWOOD,.02000
20020101,99991231,57582,OAK HARBOR,.01000
20140401,99991231,57596,OAK HILL,.00500
20020101,20021231,57750,OAKWOOD,.02000
20020101,20021231,57792,OAKWOOD,.01000
20020101,20021231,57764,OAKWOOD,.02500
20030101,99991231,57764,OAKWOOD,.02500
20030101,99991231,57792,OAKWOOD,.01000
20030101,20100630,57750,OAKWOOD,.02000
20100701,99991231,57750,OAKWOOD,.02500
20020101,20141231,57834,OBERLIN,.01900
20150101,99991231,57834,OBERLIN,.02500
20020101,20141231,57862,OBETZ,.02000
20150101,99991231,57862,OBETZ,.02500
20020101,99991231,57918,OCTA,.01000
20020101,99991231,58002,OHIO CITY,.01000
20020101,99991231,58422,OLMSTED FALLS,.01500
20020101,20091231,58520,ONTARIO,.01000
20100101,99991231,58520,ONTARIO,.01500
20020101,99991231,58604,ORANGE,.02000
20020101,99991231,58730,OREGON,.02250
20020101,99991231,58828,ORRVILLE,.01000
20020101,20171231,58856,ORWELL,.01000
20180101,99991231,58856,ORWELL,.01500
20090701,99991231,58912,OSGOOD,.01000
20160901,99991231,58940,OSTRANDER,.01000
20020101,99991231,58982,OTTAWA,.01000
20020101,99991231,59010,OTTAWA HILLS,.01500
20020101,99991231,59052,OTTOVILLE,.01000
20050601,99991231,59220,OWENSVILLE,.01000
20020101,20101231,59234,OXFORD,.01750
20110101,99991231,59234,OXFORD,.02000
20020101,99991231,59416,PAINESVILLE,.02000
20020101,99991231,59738,PANDORA,.01500
20020101,20061231,61000,PARMA,.02000
20070101,99991231,61000,PARMA,.02500
20020101,20041231,61028,PARMA HEIGHTS,.02000
20050101,99991231,61028,PARMA HEIGHTS,.03000
20100701,99991231,61112,PATASKALA,.01000
20140401,20181231,61182,PATTERSON,.01000
20190101,99991231,61182,PATTERSON,.00500
20020101,20131231,61252,PAULDING,.00500
20140101,99991231,61252,PAULDING,.01000
20180901,99991231,61322,PAYNE,.01000
20020101,99991231,61504,PEMBERVILLE,.01000
20020101,20131231,61574,PENINSULA,.01000
20140101,99991231,61574,PENINSULA,.02000
20020101,99991231,61686,PEPPER PIKE,.01000
20020101,20141231,61882,PERRY,.01000
20150101,99991231,61882,PERRY,.02000
20020101,99991231,62148,PERRYSBURG,.01500
20020101,99991231,62190,PERRYSVILLE,.01000
20020101,99991231,62414,PHILLIPSBURG,.01500
20020101,99991231,62498,PICKERINGTON,.01000
20050901,99991231,62708,PIKETON,.01000
20020101,99991231,62834,PIONEER,.01000
20020101,20141231,62848,PIQUA,.01750
20150101,99991231,62848,PIQUA,.02000
20190101,99991231,62890,PITSBURG,.01000
20020101,20160630,63030,PLAIN CITY,.01000
20160701,99991231,63030,PLAIN CITY,.01500
20040101,99991231,63534,PLEASANT HILL,.00750
20131001,99991231,63716,PLEASANTVILLE,.01000
20020101,20071231,63800,PLYMOUTH,.00500
20080101,99991231,63800,PLYMOUTH,.01000
20020101,99991231,64024,POMEROY,.01000
20020101,99991231,64150,PORT CLINTON,.01500
20020101,20141231,64346,PORT WASHINGTON,.01000
20150101,99991231,64346,PORT WASHINGTON,.01500
20090101,99991231,64108,PORTAGE,.01000
20020101,20111231,64304,PORTSMOUTH,.01400
20120101,20151231,64304,PORTSMOUTH,.02000
20160101,99991231,64304,PORTSMOUTH,.02500
20020101,99991231,64486,POWELL,.00750
20020101,20140630,64542,POWHATAN POINT,.00750
20140701,99991231,64542,POWHATAN POINT,.01000
20100701,99991231,65200,QUINCY,.01000
20020101,20050228,65592,RAVENNA,.01800
20050301,20150630,65592,RAVENNA,.02000
20150701,20160430,65592,RAVENNA,.02250
20160501,99991231,65592,RAVENNA,.02500
20020101,20051231,65732,READING,.01500
20060101,99991231,65732,READING,.02000
20020101,99991231,66152,REMINDERVILLE,.01500
20020101,20170630,66390,REYNOLDSBURG,.01500
20170701,99991231,66390,REYNOLDSBURG,.02500
20020101,99991231,66530,RICHFIELD,.02000
20020101,20130630,66894,RICHMOND HEIGHTS,.02000
20130701,99991231,66894,RICHMOND HEIGHTS,.02250
20020101,20031231,66936,RICHWOOD,.00500
20040101,99991231,66936,RICHWOOD,.01000
20040101,99991231,67118,RIDGEWAY,.00500
20020101,20121231,67258,RIO GRANDE,.01000
20130101,99991231,67258,RIO GRANDE,.01500
20020101,99991231,67272,RIPLEY,.01000
20020101,99991231,67356,RITTMAN,.01500
20020101,99991231,67468,RIVERSIDE,.01500
20020101,99991231,67846,ROCK CREEK,.01000
20020101,99991231,67874,ROCKFORD,.01000
20020101,20141231,68056,ROCKY RIVER,.01500
20150101,99991231,68056,ROCKY RIVER,.02000
20020101,99991231,68560,ROSEVILLE,.01000
20020101,99991231,68686,ROSSFORD,.02250
20020101,99991231,68742,ROSWELL,.01000
20150101,99991231,69176,RUSHSYLVANIA,.01000
20050101,99991231,69302,RUSSELLS POINT,.01000
20020101,20040630,69344,RUSSIA,.01000
20040701,99991231,69344,RUSSIA,.01500
20020101,20021231,69400,SABINA,.01000
20030101,20040526,69400,SABINA,.00000
20040527,20041231,69400,SABINA,.00500
20050101,20170630,69400,SABINA,.01000
20170701,99991231,69400,SABINA,.01500
20020101,20151231,69834,SALEM,.01000
20160101,99991231,69834,SALEM,.01250
20020101,99991231,70100,SALINEVILLE,.01000
20020101,20141231,70380,SANDUSKY,.01000
20150101,99991231,70380,SANDUSKY,.01250
20020101,20071231,70534,SARDINIA,.00500
20080101,99991231,70534,SARDINIA,.01000
20020101,99991231,70814,SCIO,.01000
20020101,20061231,71220,SEBRING,.01500
20070101,99991231,71220,SEBRING,.02000
20020101,20161231,71416,SEVEN HILLS,.02000
20170101,99991231,71416,SEVEN HILLS,.02500
20020101,99991231,71486,SEVILLE,.01000
20020101,20120930,71682,SHAKER HEIGHTS,.01750
20121001,99991231,71682,SHAKER HEIGHTS,.02250
20020101,99991231,71892,SHARONVILLE,.01500
20020101,99991231,71976,SHAWNEE HILLS,.02000
20020101,99991231,71983,SHAWNEE HILLS,.00000
20020101,20020527,72060,SHEFFIELD,.01000
20020528,20090530,72060,SHEFFIELD,.01500
20090531,99991231,72060,SHEFFIELD,.02000
20020101,20031231,72088,SHEFFIELD LAKE,.01000
20040101,20060630,72088,SHEFFIELD LAKE,.01250
20060701,20140630,72088,SHEFFIELD LAKE,.01500
20140701,99991231,72088,SHEFFIELD LAKE,.02000
20020101,20031231,72102,SHELBY,.01500
20040101,20061231,72102,SHELBY,.01000
20070101,20111231,72102,SHELBY,.01250
20120101,20131231,72102,SHELBY,.01300
20140101,99991231,72102,SHELBY,.01500
20020101,99991231,72242,SHERRODSVILLE,.01000
20040701,99991231,72256,SHERWOOD,.01000
20020101,99991231,72396,SHREVE,.01000
20020101,20141231,72424,SIDNEY,.01500
20150101,20191231,72424,SIDNEY,.01750
20200101,99991231,72424,SIDNEY,.01650
20020101,99991231,72494,SILVER LAKE,.02000
20020101,20021231,72522,SILVERTON,.01000
20030101,99991231,72522,SILVERTON,.01250
20170101,99991231,72760,SMITHFIELD,.01000
20020101,99991231,72788,SMITHVILLE,.01500
20020101,99991231,72928,SOLON,.02000
20020101,99991231,73040,SOUTH AMHERST,.01000
20020101,20050630,73068,SOUTH BLOOMFIELD,.00500
20050701,99991231,73068,SOUTH BLOOMFIELD,.01000
20020101,20171231,73124,SOUTH CHARLESTON,.01000
20180101,99991231,73124,SOUTH CHARLESTON,.01250
20020101,20051231,73264,SOUTH EUCLID,.01500
20060101,99991231,73264,SOUTH EUCLID,.02000
20020101,99991231,73446,SOUTH LEBANON,.01000
20020101,20111231,73684,SOUTH RUSSELL,.01000
20120101,99991231,73684,SOUTH RUSSELL,.01250
20020101,20081231,73768,SOUTH SOLON,.01000
20090101,20140630,73768,SOUTH SOLON,.00000
20140701,99991231,73768,SOUTH SOLON,.01000
20170101,99991231,73796,SOUTH VIENNA,.01000
20020101,20041231,73894,SOUTH ZANESVILLE,.01000
20050101,99991231,73894,SOUTH ZANESVILLE,.01500
20020101,20131231,74034,SPENCERVILLE,.01250
20140101,99991231,74034,SPENCERVILLE,.01500
20020101,99991231,74076,SPRINGBORO,.01500
20020101,20040630,74104,SPRINGDALE,.01000
20040701,20190630,74104,SPRINGDALE,.01500
20190701,99991231,74104,SPRINGDALE,.02000
20020101,20170630,74118,SPRINGFIELD,.02000
20170701,99991231,74118,SPRINGFIELD,.02400
20020101,20050630,69470,ST. BERNARD,.02000
20050701,99991231,69470,ST. BERNARD,.02100
20110401,99991231,69526,ST. CLAIRSVILLE,.00750
20020101,99991231,69540,ST. HENRY,.01000
20170101,99991231,69652,ST. LOUISVILLE,.01000
20020101,99991231,69680,ST. MARYS,.01500
20020101,99991231,69708,ST. PARIS,.01000
20020101,99991231,74608,STEUBENVILLE,.02000
20020101,99991231,74804,STONE CREEK,.01000
20180101,99991231,74916,STOUTSVILLE,.01000
20020101,99991231,74944,STOW,.02000
20020101,20141231,74958,STRASBURG,.01000
20150101,99991231,74958,STRASBURG,.01500
20080801,99991231,75000,STRATTON,.01000
20020101,20090527,75014,STREETSBORO,.01000
20090528,99991231,75014,STREETSBORO,.02000
20020101,99991231,75098,STRONGSVILLE,.02000
20020101,99991231,75126,STRUTHERS,.02000
20020101,99991231,75140,STRYKER,.01500
20020101,99991231,75252,SUGAR GROVE,.00750
20020101,99991231,75210,SUGARCREEK,.01500
20020101,99991231,75602,SUNBURY,.01000
20020101,20171231,75896,SWANTON,.01250
20180101,99991231,75896,SWANTON,.01500
20020101,99991231,75980,SYCAMORE,.01000
20020101,99991231,76022,SYLVANIA,.01500
20020101,20191231,76106,TALLMADGE,.02000
20200101,99991231,76106,TALLMADGE,.02250
20100701,99991231,76764,THURSTON,.01000
20020101,20181231,76778,TIFFIN,.01750
20190101,99991231,76778,TIFFIN,.02000
20020101,99991231,76834,TIMBERLAKE,.01000
20020101,20021231,76876,TIPP CITY,.01000
20030101,20110630,76876,TIPP CITY,.01250
20110701,99991231,76876,TIPP CITY,.01500
20130701,99991231,76932,TIRO,.01000
20020101,99991231,77000,TOLEDO,.02250
20020101,99991231,77070,TONTOGANY,.01000
20020101,20051231,77112,TORONTO,.01500
20060101,99991231,77112,TORONTO,.02000
20090701,99991231,77308,TREMONT CITY,.01000
20020101,99991231,77322,TRENTON,.01500
20150701,99991231,77406,TRIMBLE,.01000
20020101,99991231,77504,TROTWOOD,.02250
20020101,99991231,77588,TROY,.01750
20020101,99991231,77924,TUSCARAWAS,.01000
20020101,20091231,78050,TWINSBURG,.02000
20100101,20131231,78050,TWINSBURG,.02250
20140101,99991231,78050,TWINSBURG,.02000
20020101,20170630,78176,UHRICHSVILLE,.01750
20170701,99991231,78176,UHRICHSVILLE,.02000
20070101,20191231,78470,UNION,.01000
20200101,99991231,78470,UNION,.01500
20020101,99991231,78624,UNION CITY,.01000
20020101,20061231,78932,UNIVERSITY HEIGHTS,.01500
20070101,99991231,78932,UNIVERSITY HEIGHTS,.02500
20020101,20141231,79002,UPPER ARLINGTON,.02000
20150101,99991231,79002,UPPER ARLINGTON,.02500
20020101,99991231,79044,UPPER SANDUSKY,.01000
20020101,99991231,79072,URBANA,.01400
20020101,99991231,79100,URBANCREST,.02000
20020101,99991231,79114,UTICA,.01750
20020101,99991231,79226,VALLEY HI,.01000
20020101,99991231,79268,VALLEY VIEW,.02000
20120101,20171231,79282,VALLEYVIEW,.01000
20020101,99991231,79562,VAN WERT,.01720
20020101,20051231,79492,VANDALIA,.01750
20060101,99991231,79492,VANDALIA,.02000
20160101,99991231,79534,VANLUE,.01000
20020101,20130531,79716,VERMILION,.01000
20130601,99991231,79716,VERMILION,.01500
20020101,99991231,79912,VERSAILLES,.01500
20020101,20111231,80304,WADSWORTH,.01300
20120101,99991231,80304,WADSWORTH,.01400
20020101,99991231,80458,WAKEMAN,.01000
20020101,99991231,80486,WALBRIDGE,.01500
20020101,20021231,80738,WALTON HILLS,.01000
20030101,20130630,80738,WALTON HILLS,.02000
20130701,99991231,80738,WALTON HILLS,.02500
20020101,20171231,80766,WAPAKONETA,.01000
20180101,99991231,80766,WAPAKONETA,.01500
20020101,20161231,80892,WARREN,.02000
20170101,99991231,80892,WARREN,.02500
20020101,20090630,80990,WARRENSVILLE HEIGHTS,.02000
20090701,99991231,80990,WARRENSVILLE HEIGHTS,.02600
20020101,20071231,81214,WASHINGTON,.01250
20080101,20151231,81214,WASHINGTON,.01450
20160101,99991231,81214,WASHINGTON,.01950
20180101,20181126,81732,WASHINGTONVILLE,.00500
20200101,99991231,81732,WASHINGTONVILLE,.00500
20020101,99991231,81858,WATERVILLE,.02000
20020101,99991231,81928,WAUSEON,.01500
20020101,20031231,81942,WAVERLY CITY,.00500
20040101,99991231,81942,WAVERLY CITY,.01000
20150101,99991231,82334,WAYNE,.00750
20190101,99991231,82348,WAYNE LAKES,.01000
20080101,99991231,82390,WAYNESFIELD,.01000
20100701,20151231,82418,WAYNESVILLE,.01000
20160101,99991231,82418,WAYNESVILLE,.00500
20020101,20181231,82642,WELLINGTON,.01000
20190101,99991231,82642,WELLINGTON,.01750
20020101,20051130,82712,WELLSTON,.00750
20051201,99991231,82712,WELLSTON,.01000
20020101,20171231,82740,WELLSVILLE,.01000
20180101,99991231,82740,WELLSVILLE,.01500
20020101,99991231,82880,WEST ALEXANDRIA,.01000
20020101,20041231,83111,WEST CARROLLTON CITY,.01750
20050101,20131231,83111,WEST CARROLLTON CITY,.02000
20140101,99991231,83111,WEST CARROLLTON CITY,.02250
20060101,99991231,83216,WEST ELKTON,.01000
20020101,99991231,83580,WEST JEFFERSON,.01000
20020101,20111231,83608,WEST LAFAYETTE,.01000
20120101,99991231,83608,WEST LAFAYETTE,.01500
20130701,99991231,83734,WEST LIBERTY,.01000
20130101,99991231,83818,WEST MANSFIELD,.01000
20200101,99991231,83888,WEST MILLGROVE,.01000
20020101,99991231,83902,WEST MILTON,.01500
20020101,20100930,84196,WEST SALEM,.00750
20101001,99991231,84196,WEST SALEM,.01000
20020101,20071231,84294,WEST UNION,.00500
20080101,99991231,84294,WEST UNION,.01000
20020101,20031231,84308,WEST UNITY,.01000
20040101,99991231,84308,WEST UNITY,.01500
20020101,20081231,83342,WESTERVILLE,.01250
20090101,99991231,83342,WESTERVILLE,.02000
20020101,99991231,83468,WESTFIELD CENTER,.01000
20020101,99991231,83622,WESTLAKE,.01500
20020101,99991231,83972,WESTON,.01000
20020101,20101231,84742,WHITEHALL,.02000
20110101,99991231,84742,WHITEHALL,.02500
20020101,99991231,84770,WHITEHOUSE,.01500
20020101,99991231,85036,WICKLIFFE,.02000
20020101,20030630,85232,WILLARD,.01250
20030701,20070630,85232,WILLARD,.01500
20070701,20070930,85232,WILLARD,.01250
20071001,20120930,85232,WILLARD,.01375
20121001,20130630,85232,WILLARD,.01250
20130701,99991231,85232,WILLARD,.01375
20020101,99991231,85288,WILLIAMSBURG,.01000
20180101,99991231,85414,WILLIAMSPORT,.00500
20020101,99991231,85484,WILLOUGHBY,.02000
20020101,20101231,85512,WILLOUGHBY HILLS,.01500
20110101,99991231,85512,WILLOUGHBY HILLS,.02000
20020101,99991231,85638,WILLOWICK,.02000
20060101,99991231,85736,WILLSHIRE,.01000
20020101,20161231,85792,WILMINGTON,.01000
20170101,99991231,85792,WILMINGTON,.01500
20020101,20171231,85806,WILMOT,.01500
20180101,99991231,85806,WILMOT,.01750
20020101,99991231,85946,WINDHAM,.01500
20020101,99991231,86184,WINTERSVILLE,.01000
20020101,20181231,86366,WOODLAWN,.02000
20190101,99991231,86366,WOODLAWN,.02300
20020101,20091231,86394,WOODMERE,.02000
20100101,99991231,86394,WOODMERE,.02500
20020101,99991231,86436,WOODSFIELD,.01000
20060701,99991231,86478,WOODSTOCK,.01000
20020101,20131231,86548,WOOSTER,.01000
20140101,99991231,86548,WOOSTER,.01500
20020101,20031231,86604,WORTHINGTON,.01650
20040101,20100630,86604,WORTHINGTON,.02000
20100701,99991231,86604,WORTHINGTON,.02500
20020101,20041231,86730,WYOMING,.00500
20050101,20141231,86730,WYOMING,.00800
20150101,99991231,86730,WYOMING,.01000
20020101,20101231,86772,XENIA,.01750
20110101,99991231,86772,XENIA,.02250
20020101,99991231,86940,YELLOW SPRINGS,.01500
20020101,20021231,88000,YOUNGSTOWN,.02250
20030101,99991231,88000,YOUNGSTOWN,.02750
20020101,20061231,88084,ZANESVILLE,.01700
20070101,99991231,88084,ZANESVILLE,.01900
