CBSA Code,CBSA Title,Metropolitan/Micropolitan Statistical Area,county
10420,"Akron, OH",Metropolitan Statistical Area,Portage County
10420,"Akron, OH",Metropolitan Statistical Area,Summit County
11740,"Ashland, OH",Micropolitan Statistical Area,Ashland County
11900,"Athens, OH",Micropolitan Statistical Area,Athens County
13340,"Bellefontaine, OH",Micropolitan Statistical Area,Logan County
15340,"Bucyrus, OH",Micropolitan Statistical Area,Crawford County
15740,"Cambridge, OH",Micropolitan Statistical Area,Guernsey County
15940,"Canton-Massillon, OH",Metropolitan Statistical Area,Carroll County
15940,"Canton-Massillon, OH",Metropolitan Statistical Area,Stark County
16380,"Celina, OH",Micropolitan Statistical Area,Mercer County
17060,"Chillicothe, OH",Micropolitan Statistical Area,Ross County
17140,"Cincinnati, OH-KY-IN",Metropolitan Statistical Area,Brown County
17140,"Cincinnati, OH-KY-IN",Metropolitan Statistical Area,Butler County
17140,"Cincinnati, OH-KY-IN",Metropolitan Statistical Area,Clermont County
17140,"Cincinnati, OH-KY-IN",Metropolitan Statistical Area,Hamilton County
17140,"Cincinnati, OH-KY-IN",Metropolitan Statistical Area,Warren County
17410,"Cleveland, OH",Metropolitan Statistical Area,Ashtabula County
17410,"Cleveland, OH",Metropolitan Statistical Area,Cuyahoga County
17410,"Cleveland, OH",Metropolitan Statistical Area,Geauga County
17410,"Cleveland, OH",Metropolitan Statistical Area,Lake County
17410,"Cleveland, OH",Metropolitan Statistical Area,Lorain County
17410,"Cleveland, OH",Metropolitan Statistical Area,Medina County
18140,"Columbus, OH",Metropolitan Statistical Area,Delaware County
18140,"Columbus, OH",Metropolitan Statistical Area,Fairfield County
18140,"Columbus, OH",Metropolitan Statistical Area,Franklin County
18140,"Columbus, OH",Metropolitan Statistical Area,Hocking County
18140,"Columbus, OH",Metropolitan Statistical Area,Licking County
18140,"Columbus, OH",Metropolitan Statistical Area,Madison County
18140,"Columbus, OH",Metropolitan Statistical Area,Morrow County
18140,"Columbus, OH",Metropolitan Statistical Area,Perry County
18140,"Columbus, OH",Metropolitan Statistical Area,Pickaway County
18140,"Columbus, OH",Metropolitan Statistical Area,Union County
18740,"Coshocton, OH",Micropolitan Statistical Area,Coshocton County
19430,"Dayton-Kettering-Beavercreek, OH",Metropolitan Statistical Area,Greene County
19430,"Dayton-Kettering-Beavercreek, OH",Metropolitan Statistical Area,Miami County
19430,"Dayton-Kettering-Beavercreek, OH",Metropolitan Statistical Area,Montgomery County
19580,"Defiance, OH",Micropolitan Statistical Area,Defiance County
22300,"Findlay, OH",Micropolitan Statistical Area,Hancock County
23380,"Fremont, OH",Micropolitan Statistical Area,Sandusky County
23680,"Gallipolis, OH",Micropolitan Statistical Area,Gallia County
24820,"Greenville, OH",Micropolitan Statistical Area,Darke County
26580,"Huntington-Ashland, WV-KY-OH",Metropolitan Statistical Area,Lawrence County
30620,"Lima, OH",Metropolitan Statistical Area,Allen County
31900,"Mansfield, OH",Metropolitan Statistical Area,Richland County
31930,"Marietta, OH",Micropolitan Statistical Area,Washington County
32020,"Marion, OH",Micropolitan Statistical Area,Marion County
34540,"Mount Vernon, OH",Micropolitan Statistical Area,Knox County
35420,"New Philadelphia-Dover, OH",Micropolitan Statistical Area,Tuscarawas County
35940,"Norwalk, OH",Micropolitan Statistical Area,Huron County
39020,"Portsmouth, OH",Micropolitan Statistical Area,Scioto County
41400,"Salem, OH",Micropolitan Statistical Area,Columbiana County
41780,"Sandusky, OH",Metropolitan Statistical Area,Erie County
41780,"Sandusky, OH",Metropolitan Statistical Area,Ottawa County
43380,"Sidney, OH",Micropolitan Statistical Area,Shelby County
44220,"Springfield, OH",Metropolitan Statistical Area,Clark County
45660,"Tiffin, OH",Micropolitan Statistical Area,Seneca County
45780,"Toledo, OH",Metropolitan Statistical Area,Fulton County
45780,"Toledo, OH",Metropolitan Statistical Area,Lucas County
45780,"Toledo, OH",Metropolitan Statistical Area,Wood County
46500,"Urbana, OH",Micropolitan Statistical Area,Champaign County
46780,"Van Wert, OH",Micropolitan Statistical Area,Van Wert County
47540,"Wapakoneta, OH",Micropolitan Statistical Area,Auglaize County
47920,"Washington Court House, OH",Micropolitan Statistical Area,Fayette County
48260,"Weirton-Steubenville, WV-OH",Metropolitan Statistical Area,Jefferson County
48540,"Wheeling, WV-OH",Metropolitan Statistical Area,Belmont County
48940,"Wilmington, OH",Micropolitan Statistical Area,Clinton County
49300,"Wooster, OH",Micropolitan Statistical Area,Wayne County
49660,"Youngstown-Warren, OH",Metropolitan Statistical Area,Mahoning County
49660,"Youngstown-Warren, OH",Metropolitan Statistical Area,Trumbull County
49780,"Zanesville, OH",Micropolitan Statistical Area,Muskingum County
