county,rate_2019_pct,wage_cap,credits_city_tax,evidence_class,source_url,rate_alt_pct,tax_existed_2019,tax_existed_source,rate_2019_evidence,rate_2019_source,rate_2019_quote,credit_2019_source
Adair,0.0,,unknown,carried_2024,https://kaco.org/media/5339/databrief-occtaxrates-6-14-24.pdf,0.5,no,FY2018 snapshot omits the tax; KACo 2019 count of 82 matches only with this county at zero; adoption date before 2024 not dated,unknown,,,
Allen,1.0,,unknown,historical_bridge,https://kaco.org/media/1615/allen.pdf,1.0,yes,KACo 2019 County Tax Snapshot (FY2018 UFIRS) shows occupational license revenue: https://kaco.org/media/1615/allen.pdf,carried_later_rate,https://kaco.org/media/5339/databrief-occtaxrates-6-14-24.pdf,,
Anderson,0.0,,unknown,carried_2024,https://kaco.org/media/5339/databrief-occtaxrates-6-14-24.pdf,0.0,no,no occupational tax in KACo FY2018 snapshot or KACo 2024 brief; 82-county 2019 count matches,verified_2019,,,
Ballard,1.5,,unknown,historical_bridge,https://kaco.org/media/1652/ballard.pdf,1.5,yes,KACo 2019 County Tax Snapshot (FY2018 UFIRS) shows occupational license revenue: https://kaco.org/media/1652/ballard.pdf,carried_later_rate,https://kaco.org/media/5339/databrief-occtaxrates-6-14-24.pdf,,
Barren,0.0,,unknown,carried_2024,https://kaco.org/media/5339/databrief-occtaxrates-6-14-24.pdf,0.0,no,no occupational tax in KACo FY2018 snapshot or KACo 2024 brief; 82-county 2019 count matches,verified_2019,,,
Bath,2.0,,unknown,historical_bridge,https://kaco.org/media/1654/bath.pdf,2.0,yes,KACo 2019 County Tax Snapshot (FY2018 UFIRS) shows occupational license revenue: https://kaco.org/media/1654/bath.pdf,carried_later_rate,https://kaco.org/media/5339/databrief-occtaxrates-6-14-24.pdf,,
Bell,0.0,,unknown,carried_2024,https://kaco.org/media/5339/databrief-occtaxrates-6-14-24.pdf,0.0,no,no occupational tax in KACo FY2018 snapshot or KACo 2024 brief; 82-county 2019 count matches,verified_2019,,,
Boone,0.8,62012.0,no,direct_2019,https://www.boonecountyky.org/documents/services/occupational%20licensing/tax%20rates/0207%20tax%20rate%20for%202019.pdf,0.8,yes,https://www.boonecountyky.org/documents/services/occupational%20licensing/tax%20rates/0207%20tax%20rate%20for%202019.pdf,verified_2019,Boone County 2019 rate sheet; https://www.nfc.usda.gov/Publications/HR_Payroll/Taxes/Bulletins/2019/TAXES-19-36.htm,"NFC TAXES 19-14/19-36: 0.8% to $62,012 (2019), mental health 0.15% to $16,666",nky_levies_2019.csv: additive
Bourbon,0.75,,unknown,historical_bridge,https://kaco.org/media/1657/bourbon.pdf,0.75,yes,KACo 2019 County Tax Snapshot (FY2018 UFIRS) shows occupational license revenue: https://kaco.org/media/1657/bourbon.pdf,carried_later_rate,https://kaco.org/media/5339/databrief-occtaxrates-6-14-24.pdf,,
Boyd,1.0,,unknown,historical_bridge,https://kaco.org/media/1658/boyd.pdf,1.0,yes,KACo 2019 County Tax Snapshot (FY2018 UFIRS) shows occupational license revenue: https://kaco.org/media/1658/boyd.pdf,carried_later_rate,https://kaco.org/media/5339/databrief-occtaxrates-6-14-24.pdf,,
Boyle,1.25,,unknown,historical_bridge,https://kaco.org/media/1659/boyle.pdf,1.25,yes,KACo 2019 County Tax Snapshot (FY2018 UFIRS) shows occupational license revenue: https://kaco.org/media/1659/boyle.pdf,carried_later_rate,https://kaco.org/media/5339/databrief-occtaxrates-6-14-24.pdf,,
Bracken,0.0,,unknown,carried_2024,https://kaco.org/media/5339/databrief-occtaxrates-6-14-24.pdf,0.0,no,no occupational tax in KACo FY2018 snapshot or KACo 2024 brief; 82-county 2019 count matches,verified_2019,,,
Breathitt,2.0,,unknown,historical_bridge,https://kaco.org/media/1661/breathitt.pdf,2.0,yes,KACo 2019 County Tax Snapshot (FY2018 UFIRS) shows occupational license revenue: https://kaco.org/media/1661/breathitt.pdf,carried_later_rate,https://kaco.org/media/5339/databrief-occtaxrates-6-14-24.pdf,,
Breckinridge,0.0,,unknown,carried_2024,https://kaco.org/media/5339/databrief-occtaxrates-6-14-24.pdf,0.0,no,no occupational tax in KACo FY2018 snapshot or KACo 2024 brief; 82-county 2019 count matches,verified_2019,,,
Bullitt,0.0,,unknown,carried_2024,https://kaco.org/media/5339/databrief-occtaxrates-6-14-24.pdf,0.0,no,no occupational tax in KACo FY2018 snapshot or KACo 2024 brief; 82-county 2019 count matches,verified_2019,,,
Butler,1.0,,unknown,historical_bridge,https://kaco.org/media/1664/butler.pdf,1.0,yes,KACo 2019 County Tax Snapshot (FY2018 UFIRS) shows occupational license revenue: https://kaco.org/media/1664/butler.pdf,carried_later_rate,https://kaco.org/media/5339/databrief-occtaxrates-6-14-24.pdf,,
Caldwell,1.5,,unknown,historical_bridge,https://kaco.org/media/1665/caldwell.pdf,1.5,yes,KACo 2019 County Tax Snapshot (FY2018 UFIRS) shows occupational license revenue: https://kaco.org/media/1665/caldwell.pdf,carried_later_rate,https://kaco.org/media/5339/databrief-occtaxrates-6-14-24.pdf,,
Calloway,0.0,,unknown,carried_2024,https://kaco.org/media/5339/databrief-occtaxrates-6-14-24.pdf,0.0,no,no occupational tax in KACo FY2018 snapshot or KACo 2024 brief; 82-county 2019 count matches,verified_2019,,,
Campbell,1.05,38667.0,no,direct_2019,https://kaco.org/media/1667/campbell.pdf,1.05,yes,KACo 2019 County Tax Snapshot (FY2018 UFIRS) shows occupational license revenue: https://kaco.org/media/1667/campbell.pdf,verified_2019,Campbell County 2019 withholding notice (pilot),"1.05% capped at $38,667 (June 2019 notice; hard-coded in ky_statewide.py)",nky_levies_2019.csv: county tax due in addition to city tax per 2019 instructions
Carlisle,0.0,,unknown,carried_2024,https://kaco.org/media/5339/databrief-occtaxrates-6-14-24.pdf,0.0,no,no occupational tax in KACo FY2018 snapshot or KACo 2024 brief; 82-county 2019 count matches,verified_2019,,,
Carroll,1.0,,unknown,historical_bridge,https://kaco.org/media/1669/carroll.pdf,1.0,yes,KACo 2019 County Tax Snapshot (FY2018 UFIRS) shows occupational license revenue: https://kaco.org/media/1669/carroll.pdf,carried_later_rate,https://kaco.org/media/5339/databrief-occtaxrates-6-14-24.pdf,,
Carter,0.0,,unknown,carried_2024,https://kaco.org/media/5339/databrief-occtaxrates-6-14-24.pdf,1.0,no,FY2018 snapshot omits the tax; KACo 2019 count of 82 matches only with this county at zero; adoption date before 2024 not dated,unknown,,,
Casey,0.0,,unknown,carried_2024,https://kaco.org/media/5339/databrief-occtaxrates-6-14-24.pdf,0.0,no,no occupational tax in KACo FY2018 snapshot or KACo 2024 brief; 82-county 2019 count matches,verified_2019,,,
Christian,0.0,,unknown,carried_2024,https://kaco.org/media/5339/databrief-occtaxrates-6-14-24.pdf,0.0,no,no occupational tax in KACo FY2018 snapshot or KACo 2024 brief; 82-county 2019 count matches,verified_2019,,,
Clark,1.5,,yes,direct_2019,https://kaco.org/media/1673/clark.pdf,1.5,yes,KACo 2019 County Tax Snapshot (FY2018 UFIRS) shows occupational license revenue: https://kaco.org/media/1673/clark.pdf,verified_2019,http://web.archive.org/web/20180111005907/http://www.clarkcoky.com:80/finance.html ; http://web.archive.org/web/20160407115545/http://clarkcoky.com/files/finance/CCFC%20Monthly_Quarterly%20Return.pdf ; http://web.archive.org/web/2018/http://www.clarkcoky.com/pdf/91-17_Occupational%20License.pdf,"finance page captured 2018-01-11 lists forms and the ordinance chain ""Occupational Ordinance #86-2 Amedment Amendment #91-17 Amendment #97-15 Amendment #2007-30"" (no later rate change); its linked employer return CCPT-FORM 01: ""Actual Fee Withheld @1.5%""; Ord. 91-17 (effective 1992-01-01) raised the fee ""to one-and-one half percent"" so county workers outside Winchester pay ""an amount equal to those employed within the City of Winchester""","Ord. 86-2 Art. IV (unamended by 91-17/97-15/2007-30): ""CREDIT FOR LICENSE FEES PAID TO THE CITY OF WINCHESTER ... shall receive a credit against the license fee herein imposed for any sum paid to the City of Winchester""; Winchester 2.0% exceeds 1.5%, so no county tax inside Winchester"
Clay,1.0,,unknown,direct_2019,https://kaco.org/media/1674/clay.pdf,1.0,yes,KACo 2019 County Tax Snapshot (FY2018 UFIRS) shows occupational license revenue: https://kaco.org/media/1674/clay.pdf,verified_2019,https://www.nfc.usda.gov/Publications/HR_Payroll/Taxes/Bulletins/2019/TAXES-19-36.htm,"NFC TAXES 19-36: ""Clay (voluntary) 21/051 1.00% 1.00% DS""",
Clinton,1.25,,unknown,historical_bridge,https://kaco.org/media/1675/clinton.pdf,1.25,yes,KACo 2019 County Tax Snapshot (FY2018 UFIRS) shows occupational license revenue: https://kaco.org/media/1675/clinton.pdf,carried_later_rate,https://kaco.org/media/5339/databrief-occtaxrates-6-14-24.pdf,,
Crittenden,0.5,,unknown,historical_bridge,https://kaco.org/media/1676/crittenden.pdf,0.5,yes,KACo 2019 County Tax Snapshot (FY2018 UFIRS) shows occupational license revenue: https://kaco.org/media/1676/crittenden.pdf,carried_later_rate,https://kaco.org/media/5339/databrief-occtaxrates-6-14-24.pdf,,
Cumberland,1.25,,unknown,historical_bridge,https://kaco.org/media/1677/cumberland.pdf,1.25,yes,KACo 2019 County Tax Snapshot (FY2018 UFIRS) shows occupational license revenue: https://kaco.org/media/1677/cumberland.pdf,carried_later_rate,https://kaco.org/media/5339/databrief-occtaxrates-6-14-24.pdf,,
Daviess,0.35,,yes,direct_2019,https://kaco.org/media/1678/daviess.pdf,0.35,yes,KACo 2019 County Tax Snapshot (FY2018 UFIRS) shows occupational license revenue: https://kaco.org/media/1678/daviess.pdf,verified_2019,https://www.owensborotimes.com/features/community/2019/05/county-commissioners-discuss-tax-increase-budget-deficit/,"Owensboro Times, 2019-05-17: ""the tax increase will take place in two parts, the first occurring on Jan. 1, 2020, where the tax increase will be raised from 35 cents to 70 cents""; June 2017 form https://www.daviessky.org/wp-content/uploads/2017/12/Business-License-Application-Revised-June-2017.pdf: ""Withholding fee for City of Owensboro = 1.78% Daviess County = 0.35%""","2017 joint form lists City 1.78% or County 0.35% by work location; Owensboro Times 2019-03-26 cites KRS 68.197 as the levy authority, and KRS 68.197(7) requires crediting city fees against a 68.197 county fee; 2019-05-17 article: increase applies ""for residents living outside city limits"""
Edmonson,0.0,,unknown,carried_2024,https://kaco.org/media/5339/databrief-occtaxrates-6-14-24.pdf,0.0,no,no occupational tax in KACo FY2018 snapshot or KACo 2024 brief; 82-county 2019 count matches,verified_2019,,,
Elliott,0.0,,unknown,carried_2024,https://kaco.org/media/5339/databrief-occtaxrates-6-14-24.pdf,1.0,no,FY2018 snapshot omits the tax; KACo 2019 count of 82 matches only with this county at zero; adoption date before 2024 not dated,unknown,,,
Estill,2.0,,unknown,historical_bridge,https://kaco.org/media/1681/estill.pdf,2.0,yes,KACo 2019 County Tax Snapshot (FY2018 UFIRS) shows occupational license revenue: https://kaco.org/media/1681/estill.pdf,carried_later_rate,https://kaco.org/media/5339/databrief-occtaxrates-6-14-24.pdf,,
Fayette,2.25,,unknown,direct_2019,https://nfc.usda.gov/Publications/HR_Payroll/Taxes/Bulletins/2019/TAXES-19-37.htm,2.25,yes,https://nfc.usda.gov/Publications/HR_Payroll/Taxes/Bulletins/2019/TAXES-19-37.htm,verified_2019,nky_levies_2019.csv (LFUCG 2019),2.25% single consolidated rate,
Fleming,0.0,,unknown,carried_2024,https://kaco.org/media/5339/databrief-occtaxrates-6-14-24.pdf,0.0,no,no occupational tax in KACo FY2018 snapshot or KACo 2024 brief; 82-county 2019 count matches,verified_2019,,,
Floyd,0.0,,unknown,carried_2024,https://kaco.org/media/5339/databrief-occtaxrates-6-14-24.pdf,0.0,no,no occupational tax in KACo FY2018 snapshot or KACo 2024 brief; 82-county 2019 count matches,verified_2019,,,
Franklin,1.0,,no,direct_2019,https://kaco.org/media/1684/franklin.pdf,1.0,yes,KACo 2019 County Tax Snapshot (FY2018 UFIRS) shows occupational license revenue: https://kaco.org/media/1684/franklin.pdf,verified_2019,http://web.archive.org/web/20190718023925/https://franklincounty.ky.gov/occupational-tax-administrator/ ; https://franklincounty.ky.gov/wp-content/uploads/2018/11/Tax-%E2%80%93-occupational-tax-2016-07-01.pdf,"county page captured 2019-07-18: ""The County occupational tax rate will remain at the current rate of 1% for 2018, for both payroll and net profits""; ordinance (Ord. 14-2007, amended by Ord. 4-2016 effective 2016-07-01): ""'County' means Franklin County, Kentucky, including the City of Frankfort ... measured by one percent (1%) of: (a) all wages and compensation paid or payable in Franklin County""","ordinance effective 2016-07-01 levies 1% on all wages in the county, defined to include Frankfort; no wage credit provision (net-profit fee limited to unincorporated area)"
Fulton,0.0,,unknown,carried_2024,https://kaco.org/media/5339/databrief-occtaxrates-6-14-24.pdf,0.0,no,no occupational tax in KACo FY2018 snapshot or KACo 2024 brief; 82-county 2019 count matches,verified_2019,,,
Gallatin,1.0,,unknown,direct_2019,https://kaco.org/media/1686/gallatin.pdf,1.0,yes,KACo 2019 County Tax Snapshot (FY2018 UFIRS) shows occupational license revenue: https://kaco.org/media/1686/gallatin.pdf,verified_2019,https://web.archive.org/web/20240225145956/https://gallatinky.org/wp-content/uploads/2021/08/Occupational-Tax-Ordinance.pdf,"Ord. 070804-3 (last amended 2011-10-13): ""the occupational tax shall be measured by and be equal to one percent (1%) of the gross salaries""",
Garrard,2.0,,unknown,historical_bridge,https://kaco.org/media/1687/garrard.pdf,2.0,yes,KACo 2019 County Tax Snapshot (FY2018 UFIRS) shows occupational license revenue: https://kaco.org/media/1687/garrard.pdf,carried_later_rate,https://kaco.org/media/5339/databrief-occtaxrates-6-14-24.pdf,,
Grant,1.5,,unknown,direct_2019,https://kaco.org/media/1688/grant.pdf,1.5,yes,KACo 2019 County Tax Snapshot (FY2018 UFIRS) shows occupational license revenue: https://kaco.org/media/1688/grant.pdf,verified_2019,https://web.archive.org/web/20210510080407/https://education.ky.gov/districts/FinRept/Documents/FY2018-2019%20FA%20Grant%20Co%20Rev.pdf,"Grant County Schools FY2018-19 audit MD&A: ""In fiscal 2018-2019, Employees saw a decrease from 2% to 1.5% occupational tax to the Grant County Fiscal Court""",
Graves,1.0,,unknown,historical_bridge,https://kaco.org/media/1689/graves.pdf,1.0,yes,KACo 2019 County Tax Snapshot (FY2018 UFIRS) shows occupational license revenue: https://kaco.org/media/1689/graves.pdf,carried_later_rate,https://kaco.org/media/5339/databrief-occtaxrates-6-14-24.pdf,,
Grayson,0.5,,unknown,historical_bridge,https://kaco.org/media/1690/grayson.pdf,0.5,yes,KACo 2019 County Tax Snapshot (FY2018 UFIRS) shows occupational license revenue: https://kaco.org/media/1690/grayson.pdf,carried_later_rate,https://kaco.org/media/5339/databrief-occtaxrates-6-14-24.pdf,,
Green,0.0,,unknown,carried_2024,https://kaco.org/media/5339/databrief-occtaxrates-6-14-24.pdf,0.0,no,no occupational tax in KACo FY2018 snapshot or KACo 2024 brief; 82-county 2019 count matches,verified_2019,,,
Greenup,0.0,,unknown,carried_2024,https://kaco.org/media/5339/databrief-occtaxrates-6-14-24.pdf,0.0,no,no occupational tax in KACo FY2018 snapshot or KACo 2024 brief; 82-county 2019 count matches,verified_2019,,,
Hancock,1.6,,unknown,historical_bridge,https://kaco.org/media/1693/hancock.pdf,1.6,yes,KACo 2019 County Tax Snapshot (FY2018 UFIRS) shows occupational license revenue: https://kaco.org/media/1693/hancock.pdf,carried_later_rate,https://kaco.org/media/5339/databrief-occtaxrates-6-14-24.pdf,,
Hardin,0.0,,unknown,changed_after_2019,https://www.messenger-inquirer.com/news/local/hardin-county-to-have-occupational-tax-for-1st-time-in-history/article_2216fb27-ac8f-5368-a8f5-9db474c2efcd.html,0.0,no,countywide tax only from 2024: https://www.messenger-inquirer.com/news/local/hardin-county-to-have-occupational-tax-for-1st-time-in-history/article_2216fb27-ac8f-5368-a8f5-9db474c2efcd.html,verified_2019,,,
Harlan,0.0,,unknown,carried_2024,https://kaco.org/media/5339/databrief-occtaxrates-6-14-24.pdf,0.0,no,no occupational tax in KACo FY2018 snapshot or KACo 2024 brief; 82-county 2019 count matches,verified_2019,,,
Harrison,1.5,,unknown,historical_bridge,https://kaco.org/media/1696/harrison.pdf,1.5,yes,KACo 2019 County Tax Snapshot (FY2018 UFIRS) shows occupational license revenue: https://kaco.org/media/1696/harrison.pdf,carried_later_rate,https://kaco.org/media/5339/databrief-occtaxrates-6-14-24.pdf,,
Hart,0.8,,unknown,historical_bridge,https://kaco.org/media/1697/hart.pdf,0.8,yes,KACo 2019 County Tax Snapshot (FY2018 UFIRS) shows occupational license revenue: https://kaco.org/media/1697/hart.pdf,carried_later_rate,https://kaco.org/media/5339/databrief-occtaxrates-6-14-24.pdf,,
Henderson,1.0,,unknown,historical_bridge,https://kaco.org/media/1698/henderson.pdf,1.0,yes,KACo 2019 County Tax Snapshot (FY2018 UFIRS) shows occupational license revenue: https://kaco.org/media/1698/henderson.pdf,carried_later_rate,https://kaco.org/media/5339/databrief-occtaxrates-6-14-24.pdf,,
Henry,0.0,,unknown,carried_2024,https://kaco.org/media/5339/databrief-occtaxrates-6-14-24.pdf,0.0,no,no occupational tax in KACo FY2018 snapshot or KACo 2024 brief; 82-county 2019 count matches,verified_2019,,,
Hickman,1.0,,unknown,historical_bridge,https://kaco.org/media/1700/hickman.pdf,1.0,yes,KACo 2019 County Tax Snapshot (FY2018 UFIRS) shows occupational license revenue: https://kaco.org/media/1700/hickman.pdf,carried_later_rate,https://kaco.org/media/5339/databrief-occtaxrates-6-14-24.pdf,,
Hopkins,0.5,,unknown,historical_bridge,https://kaco.org/media/1701/hopkins.pdf,0.5,yes,KACo 2019 County Tax Snapshot (FY2018 UFIRS) shows occupational license revenue: https://kaco.org/media/1701/hopkins.pdf,carried_later_rate,https://kaco.org/media/5339/databrief-occtaxrates-6-14-24.pdf,,
Jackson,1.85,,unknown,historical_bridge,https://kaco.org/media/1702/jackson.pdf,1.85,yes,KACo 2019 County Tax Snapshot (FY2018 UFIRS) shows occupational license revenue: https://kaco.org/media/1702/jackson.pdf,carried_later_rate,https://kaco.org/media/5339/databrief-occtaxrates-6-14-24.pdf,,
Jefferson,1.25,,no,direct_2019,https://nfc.usda.gov/Publications/HR_Payroll/Taxes/Bulletins/2019/TAXES-19-36.htm,1.25,yes,https://nfc.usda.gov/Publications/HR_Payroll/Taxes/Bulletins/2019/TAXES-19-36.htm,verified_2019,https://eformrs.com/Forms19/States19/KY/KYW1.pdf ; https://www.nfc.usda.gov/Publications/HR_Payroll/Taxes/Bulletins/2019/TAXES-19-36.htm,NFC TAXES 19-36: Jefferson 2.20% resident / 1.45% nonresident,"Jeffersontown FAQ captured 2019-08-20: ""If I pay occupational tax to Louisville Metro am I required to pay Jeffersontown's occupational tax? Yes."""
Jessamine,1.0,,no,direct_2019,https://kaco.org/media/1703/jessamine.pdf,1.0,yes,KACo 2019 County Tax Snapshot (FY2018 UFIRS) shows occupational license revenue: https://kaco.org/media/1703/jessamine.pdf,verified_2019,http://web.archive.org/web/20190828162340/http://jessamineco.com:80/PDF/taxforms/payrollform.pdf ; http://web.archive.org/web/20190828155708/http://jessamineco.com:80/PDF/taxforms/reconciliationform.pdf ; http://web.archive.org/web/20190828152344/http://jessamineco.com:80/PDF/taxforms/OrdinanceAsAmended08.pdf,"Form JCOT 1 captured 2019-08-28: ""compensation paid to all employees for services within Jessamine County ... Tax due this period at 1% (Line 1 x 1%)""; ordinance as amended 2008 (captured 2019-08-28): ""measured by 1% of: (a) all wages and compensation paid or payable in the county""","ordinance (captured 2019-08-28) has no city credit; county return taxes all wages in the county; current county page: county tax ""imposed upon wages earned throughout Jessamine County including wages earned within the city limits of Nicholasville or Wilmore"""
Johnson,0.5,,unknown,carried_2024,https://kaco.org/media/5339/databrief-occtaxrates-6-14-24.pdf,0.5,unknown,not in KACo FY2018 snapshots (Johnson excluded from UFIRS source),carried_later_rate,https://kaco.org/media/5339/databrief-occtaxrates-6-14-24.pdf,,
Kenton,0.7097,132900.0,no,direct_2019,https://nfc.usda.gov/Publications/HR_Payroll/Taxes/Bulletins/2019/TAXES-19-14.htm,0.7097,yes,https://nfc.usda.gov/Publications/HR_Payroll/Taxes/Bulletins/2019/TAXES-19-14.htm,verified_2019,https://www.nfc.usda.gov/Publications/HR_Payroll/Taxes/Bulletins/2019/TAXES-19-14.htm,"0.7097% to $25,000 and 0.1097% to $132,900",nky_levies_2019.csv: all Kenton cities file both county and city returns
Knott,0.0,,unknown,carried_2024,https://kaco.org/media/5339/databrief-occtaxrates-6-14-24.pdf,0.0,no,no occupational tax in KACo FY2018 snapshot or KACo 2024 brief; 82-county 2019 count matches,verified_2019,,,
Knox,1.0,,unknown,historical_bridge,https://kaco.org/media/1706/knox.pdf,1.0,yes,KACo 2019 County Tax Snapshot (FY2018 UFIRS) shows occupational license revenue: https://kaco.org/media/1706/knox.pdf,carried_later_rate,https://kaco.org/media/5339/databrief-occtaxrates-6-14-24.pdf,,
Larue,0.0,,unknown,carried_2024,https://kaco.org/media/5339/databrief-occtaxrates-6-14-24.pdf,0.0,no,no occupational tax in KACo FY2018 snapshot or KACo 2024 brief; 82-county 2019 count matches,verified_2019,,,
Laurel,1.0,,no,historical_bridge,https://kaco.org/media/1708/laurel.pdf,1.0,yes,KACo 2019 County Tax Snapshot (FY2018 UFIRS) shows occupational license revenue: https://kaco.org/media/1708/laurel.pdf,verified_2019,https://lcotax.com/wp-content/uploads/2020/12/ordinance220.73-revised.pdf ; http://web.archive.org/web/20180816094606/http://lcotax.com/lcot.htm,"Ord. 220.73 re-adopted in full, ""effective for returns filed on or after January 1, 2008"" (posted by the county tax office in 2020-12 as its current ordinance): ""The occupational license tax shall be measured by 1% of: (a) all wages and compensation paid or payable in the county""; tax office page captured 2018-08-16 points to Ord. 220.73",Ord. 220.73 has no city credit; the county office collects both the county and London taxes
Lawrence,0.0,,unknown,carried_2024,https://kaco.org/media/5339/databrief-occtaxrates-6-14-24.pdf,0.0,no,no occupational tax in KACo FY2018 snapshot or KACo 2024 brief; 82-county 2019 count matches,verified_2019,,,
Lee,0.0,,unknown,carried_2024,https://kaco.org/media/5339/databrief-occtaxrates-6-14-24.pdf,0.0,no,no occupational tax in KACo FY2018 snapshot or KACo 2024 brief; 82-county 2019 count matches,verified_2019,,,
Leslie,1.0,,unknown,historical_bridge,https://kaco.org/media/1711/leslie.pdf,1.0,yes,KACo 2019 County Tax Snapshot (FY2018 UFIRS) shows occupational license revenue: https://kaco.org/media/1711/leslie.pdf,carried_later_rate,https://kaco.org/media/5339/databrief-occtaxrates-6-14-24.pdf,,
Letcher,0.0,,unknown,carried_2024,https://kaco.org/media/5339/databrief-occtaxrates-6-14-24.pdf,0.0,no,no occupational tax in KACo FY2018 snapshot or KACo 2024 brief; 82-county 2019 count matches,verified_2019,,,
Lewis,0.0,,unknown,carried_2024,https://kaco.org/media/5339/databrief-occtaxrates-6-14-24.pdf,0.0,no,no occupational tax in KACo FY2018 snapshot or KACo 2024 brief; 82-county 2019 count matches,verified_2019,,,
Lincoln,1.0,,unknown,historical_bridge,https://kaco.org/media/1714/lincoln.pdf,1.0,yes,KACo 2019 County Tax Snapshot (FY2018 UFIRS) shows occupational license revenue: https://kaco.org/media/1714/lincoln.pdf,carried_later_rate,https://kaco.org/media/5339/databrief-occtaxrates-6-14-24.pdf,,
Livingston,1.0,,unknown,historical_bridge,https://kaco.org/media/1715/livingston.pdf,1.0,yes,KACo 2019 County Tax Snapshot (FY2018 UFIRS) shows occupational license revenue: https://kaco.org/media/1715/livingston.pdf,carried_later_rate,https://kaco.org/media/5339/databrief-occtaxrates-6-14-24.pdf,,
Logan,0.75,,unknown,historical_bridge,https://kaco.org/media/1716/logan.pdf,0.75,yes,KACo 2019 County Tax Snapshot (FY2018 UFIRS) shows occupational license revenue: https://kaco.org/media/1716/logan.pdf,carried_later_rate,https://kaco.org/media/5339/databrief-occtaxrates-6-14-24.pdf,,
Lyon,0.0,,unknown,carried_2024,https://kaco.org/media/5339/databrief-occtaxrates-6-14-24.pdf,0.0,no,no occupational tax in KACo FY2018 snapshot or KACo 2024 brief; 82-county 2019 count matches,verified_2019,,,
Madison,1.0,,yes,direct_2019,https://kaco.org/media/1718/madison.pdf,1.0,yes,KACo 2019 County Tax Snapshot (FY2018 UFIRS) shows occupational license revenue: https://kaco.org/media/1718/madison.pdf,verified_2019,https://www.nfc.usda.gov/Publications/HR_Payroll/Taxes/Bulletins/2019/TAXES-19-36.htm ; http://web.archive.org/web/20190820205815/https://www.madisoncountyky.us/index.php/doing-business-in-madison-county-ky/business-license,"NFC TAXES 19-36 (published 2019-12-31): Madison 1.00% resident and nonresident; county page captured 2019-08-20: ""The Madison County Jurisdiction has a 1% Occupational tax for any work conducted outside the Richmond City Jurisdiction and Berea City Jurisdiction""",county page captured 2019-08-20 (tax only outside Richmond and Berea)
Magoffin,1.0,,unknown,historical_bridge,https://kaco.org/media/1719/magoffin.pdf,1.0,yes,KACo 2019 County Tax Snapshot (FY2018 UFIRS) shows occupational license revenue: https://kaco.org/media/1719/magoffin.pdf,carried_later_rate,https://kaco.org/media/5339/databrief-occtaxrates-6-14-24.pdf,,
Marion,1.0,,unknown,historical_bridge,https://kaco.org/media/1720/marion.pdf,1.0,yes,KACo 2019 County Tax Snapshot (FY2018 UFIRS) shows occupational license revenue: https://kaco.org/media/1720/marion.pdf,carried_later_rate,https://kaco.org/media/5339/databrief-occtaxrates-6-14-24.pdf,,
Marshall,1.0,,unknown,historical_bridge,https://kaco.org/media/1721/marshall.pdf,1.0,yes,KACo 2019 County Tax Snapshot (FY2018 UFIRS) shows occupational license revenue: https://kaco.org/media/1721/marshall.pdf,carried_later_rate,https://kaco.org/media/5339/databrief-occtaxrates-6-14-24.pdf,,
Martin,2.0,,unknown,historical_bridge,https://kaco.org/media/1722/martin.pdf,2.0,yes,KACo 2019 County Tax Snapshot (FY2018 UFIRS) shows occupational license revenue: https://kaco.org/media/1722/martin.pdf,carried_later_rate,https://kaco.org/media/5339/databrief-occtaxrates-6-14-24.pdf,,
Mason,0.0,,unknown,carried_2024,https://kaco.org/media/5339/databrief-occtaxrates-6-14-24.pdf,0.0,no,no occupational tax in KACo FY2018 snapshot or KACo 2024 brief; 82-county 2019 count matches,verified_2019,,,
McCracken,1.0,,yes,direct_2019,https://kaco.org/media/1724/mccracken.pdf,1.0,yes,KACo 2019 County Tax Snapshot (FY2018 UFIRS) shows occupational license revenue: https://kaco.org/media/1724/mccracken.pdf,verified_2019,https://www.nfc.usda.gov/Publications/HR_Payroll/Taxes/Bulletins/2019/TAXES-19-36.htm ; http://web.archive.org/web/20191121120200/https://mccrackencountyky.gov/tax-administrator/,"NFC TAXES 19-36: McCracken 1.00%; county page captured 2019-11-21: ""A Payroll (Occupational) Tax is imposed on all wages of those employees working within McCracken County but outside the city limits of Paducah at the rate of 1%""",county page captured 2019-11-21 (tax only outside Paducah)
McCreary,1.5,,unknown,historical_bridge,https://kaco.org/media/1725/mccreary.pdf,1.5,yes,KACo 2019 County Tax Snapshot (FY2018 UFIRS) shows occupational license revenue: https://kaco.org/media/1725/mccreary.pdf,carried_later_rate,https://kaco.org/media/5339/databrief-occtaxrates-6-14-24.pdf,,
McLean,1.0,,unknown,historical_bridge,https://kaco.org/media/1726/mclean.pdf,1.0,yes,KACo 2019 County Tax Snapshot (FY2018 UFIRS) shows occupational license revenue: https://kaco.org/media/1726/mclean.pdf,carried_later_rate,https://kaco.org/media/5339/databrief-occtaxrates-6-14-24.pdf,,
Meade,0.0,,unknown,carried_2024,https://kaco.org/media/5339/databrief-occtaxrates-6-14-24.pdf,0.0,no,no occupational tax in KACo FY2018 snapshot or KACo 2024 brief; 82-county 2019 count matches,verified_2019,,,
Menifee,1.25,,unknown,historical_bridge,https://kaco.org/media/1728/menifee.pdf,1.25,yes,KACo 2019 County Tax Snapshot (FY2018 UFIRS) shows occupational license revenue: https://kaco.org/media/1728/menifee.pdf,carried_later_rate,https://kaco.org/media/5339/databrief-occtaxrates-6-14-24.pdf,,
Mercer,1.0,,unknown,historical_bridge,https://kaco.org/media/1729/mercer.pdf,1.0,yes,KACo 2019 County Tax Snapshot (FY2018 UFIRS) shows occupational license revenue: https://kaco.org/media/1729/mercer.pdf,carried_later_rate,https://kaco.org/media/5339/databrief-occtaxrates-6-14-24.pdf,,
Metcalfe,1.0,,unknown,historical_bridge,https://kaco.org/media/1730/metcalfe.pdf,1.0,yes,KACo 2019 County Tax Snapshot (FY2018 UFIRS) shows occupational license revenue: https://kaco.org/media/1730/metcalfe.pdf,carried_later_rate,https://kaco.org/media/5339/databrief-occtaxrates-6-14-24.pdf,,
Monroe,1.0,,unknown,historical_bridge,https://kaco.org/media/1731/monroe.pdf,1.0,yes,KACo 2019 County Tax Snapshot (FY2018 UFIRS) shows occupational license revenue: https://kaco.org/media/1731/monroe.pdf,carried_later_rate,https://kaco.org/media/5339/databrief-occtaxrates-6-14-24.pdf,,
Montgomery,2.0,,unknown,direct_2019,https://kaco.org/media/1732/montgomery.pdf,2.0,yes,KACo 2019 County Tax Snapshot (FY2018 UFIRS) shows occupational license revenue: https://kaco.org/media/1732/montgomery.pdf,verified_2019,http://web.archive.org/web/20201023225850/https://montgomerycounty.ky.gov/Dept/Documents/Payroll%20Tax%20Return.pdf ; https://apps.legislature.ky.gov/lrc/publications/ResearchReports/RR314.pdf,"Montgomery County Treasurer employer return captured 2020-10-23 (form HCOF-Q rev. 9/27/02): ""Less exempt items (Compensation paid for services outside Montgomery County) ... Tax Due at - 2.00%""","unresolved: LRC RR314 (2012) says county and Mt. Sterling payroll taxes were merged into one county-collected tax under an interlocal agreement split 60/40, which suggests no separate Mt. Sterling levy, but Mt. Sterling Occupational Tax Ordinance 6-2019 (listed on the city ordinance page captured 2019-10-15) could not be retrieved"
Morgan,1.5,,unknown,historical_bridge,https://kaco.org/media/1733/morgan.pdf,1.5,yes,KACo 2019 County Tax Snapshot (FY2018 UFIRS) shows occupational license revenue: https://kaco.org/media/1733/morgan.pdf,carried_later_rate,https://kaco.org/media/5339/databrief-occtaxrates-6-14-24.pdf,,
Muhlenberg,0.0,,unknown,carried_2024,https://kaco.org/media/5339/databrief-occtaxrates-6-14-24.pdf,0.0,no,no occupational tax in KACo FY2018 snapshot or KACo 2024 brief; 82-county 2019 count matches,verified_2019,,,
Nelson,0.5,,unknown,historical_bridge,https://kaco.org/media/1735/nelson.pdf,0.5,yes,KACo 2019 County Tax Snapshot (FY2018 UFIRS) shows occupational license revenue: https://kaco.org/media/1735/nelson.pdf,carried_later_rate,https://kaco.org/media/5339/databrief-occtaxrates-6-14-24.pdf,,
Nicholas,1.0,,unknown,historical_bridge,https://kaco.org/media/1736/nicholas.pdf,1.0,yes,KACo 2019 County Tax Snapshot (FY2018 UFIRS) shows occupational license revenue: https://kaco.org/media/1736/nicholas.pdf,carried_later_rate,https://kaco.org/media/5339/databrief-occtaxrates-6-14-24.pdf,,
Ohio,1.25,,unknown,historical_bridge,https://kaco.org/media/1737/ohio.pdf,1.25,yes,KACo 2019 County Tax Snapshot (FY2018 UFIRS) shows occupational license revenue: https://kaco.org/media/1737/ohio.pdf,carried_later_rate,https://kaco.org/media/5339/databrief-occtaxrates-6-14-24.pdf,,
Oldham,0.0,,unknown,carried_2024,https://kaco.org/media/5339/databrief-occtaxrates-6-14-24.pdf,0.0,no,no occupational tax in KACo FY2018 snapshot or KACo 2024 brief; 82-county 2019 count matches,verified_2019,,,
Owen,0.0,,unknown,carried_2024,https://kaco.org/media/5339/databrief-occtaxrates-6-14-24.pdf,0.0,no,no occupational tax in KACo FY2018 snapshot or KACo 2024 brief; 82-county 2019 count matches,verified_2019,,,
Owsley,0.0,,unknown,carried_2024,https://kaco.org/media/5339/databrief-occtaxrates-6-14-24.pdf,0.0,no,no occupational tax in KACo FY2018 snapshot or KACo 2024 brief; 82-county 2019 count matches,verified_2019,,,
Pendleton,0.5,,unknown,direct_2019,https://kaco.org/media/1741/pendleton.pdf,0.5,yes,KACo 2019 County Tax Snapshot (FY2018 UFIRS) shows occupational license revenue: https://kaco.org/media/1741/pendleton.pdf,verified_2019,https://news.bloombergtax.com/payroll/kentucky-county-increases-occupational-tax-rate-2,"Bloomberg Tax, 2019-11-01: ""Pendleton County, Ky., is to increase its occupational tax rate to 1%, from 0.5%, effective Jan. 1, 2020""",
Perry,1.0,,unknown,historical_bridge,https://kaco.org/media/1742/perry.pdf,1.0,yes,KACo 2019 County Tax Snapshot (FY2018 UFIRS) shows occupational license revenue: https://kaco.org/media/1742/perry.pdf,carried_later_rate,https://kaco.org/media/5339/databrief-occtaxrates-6-14-24.pdf,,
Pike,1.0,,unknown,historical_bridge,https://kaco.org/media/1743/pike.pdf,1.0,yes,KACo 2019 County Tax Snapshot (FY2018 UFIRS) shows occupational license revenue: https://kaco.org/media/1743/pike.pdf,carried_later_rate,https://kaco.org/media/5339/databrief-occtaxrates-6-14-24.pdf,,
Powell,1.25,,unknown,historical_bridge,https://kaco.org/media/1744/powell.pdf,1.25,yes,KACo 2019 County Tax Snapshot (FY2018 UFIRS) shows occupational license revenue: https://kaco.org/media/1744/powell.pdf,carried_later_rate,https://kaco.org/media/5339/databrief-occtaxrates-6-14-24.pdf,,
Pulaski,1.0,,no,direct_2019,https://kaco.org/media/1745/pulaski.pdf,1.0,yes,KACo 2019 County Tax Snapshot (FY2018 UFIRS) shows occupational license revenue: https://kaco.org/media/1745/pulaski.pdf,verified_2019,https://tax.pulaskigov.com/wp-content/uploads/2017/09/Quarterly-frmed-09182017v8.pdf ; https://www.pulaskigov.com/wp-content/uploads/2018/10/ord-220-9-occ-tax.pdf,"county quarterly return rev. 09182017v8 (still the posted form): ""Wages earned inside Somerset City Limits ... Total County Tax Due (inside city) (line 2 x .008) [.8%]"" and ""Wages earned inside Pulaski County ... (Line 3 x .01) [1%]""; ordinance 220 series (posted 2018-10) levies 1% on compensation, last rate text re-adopted 2004, later amendments 2007 amnesty and 2010 fund split only","no credit clause; county rate is 0.8% inside Somerset and 1% elsewhere (modeled by in-city override in ky_statewide.py), Somerset city tax stacks on top"
Robertson,1.5,,unknown,historical_bridge,https://kaco.org/media/1746/robertson.pdf,1.5,yes,KACo 2019 County Tax Snapshot (FY2018 UFIRS) shows occupational license revenue: https://kaco.org/media/1746/robertson.pdf,carried_later_rate,https://kaco.org/media/5339/databrief-occtaxrates-6-14-24.pdf,,
Rockcastle,1.5,,unknown,historical_bridge,https://kaco.org/media/1747/rockcastle.pdf,1.5,yes,KACo 2019 County Tax Snapshot (FY2018 UFIRS) shows occupational license revenue: https://kaco.org/media/1747/rockcastle.pdf,carried_later_rate,https://kaco.org/media/5339/databrief-occtaxrates-6-14-24.pdf,,
Rowan,1.5,,unknown,historical_bridge,https://kaco.org/media/1748/rowan.pdf,1.5,yes,KACo 2019 County Tax Snapshot (FY2018 UFIRS) shows occupational license revenue: https://kaco.org/media/1748/rowan.pdf,carried_later_rate,https://kaco.org/media/5339/databrief-occtaxrates-6-14-24.pdf,,
Russell,1.0,,unknown,historical_bridge,https://kaco.org/media/1749/russell.pdf,1.0,yes,KACo 2019 County Tax Snapshot (FY2018 UFIRS) shows occupational license revenue: https://kaco.org/media/1749/russell.pdf,carried_later_rate,https://kaco.org/media/5339/databrief-occtaxrates-6-14-24.pdf,,
Scott,1.0,,no,direct_2019,https://kaco.org/media/1750/scott.pdf,1.0,yes,KACo 2019 County Tax Snapshot (FY2018 UFIRS) shows occupational license revenue: https://kaco.org/media/1750/scott.pdf,verified_2019,http://web.archive.org/web/20180508123531/http://www.gscrevenue.com:80/Assets/Files/Forms/2017_PAYROLL_FORM_INSTR.pdf,"GSCRC 2017 PR100 instructions (captured 2018-05-08): ""the Scott County Fiscal Court has imposed an occupational license tax measured by 1.00% of all compensation paid or payable in the County""; Georgetown ""1.00% of all compensation paid or payable in the City""",2017 GSCRC instructions list city 1% and county 1% on the same compensation with no credit
Shelby,1.0,,no,direct_2019,https://kaco.org/media/1751/shelby.pdf,1.0,yes,KACo 2019 County Tax Snapshot (FY2018 UFIRS) shows occupational license revenue: https://kaco.org/media/1751/shelby.pdf,verified_2019,https://shelbycounty.ky.gov/departments/Occupational%20Licensing/A%20Guide%20to%20Conducting%20Business%20in%20Shelby%20County.pdf ; https://shelbycounty.ky.gov/Business%20Regulations/112%20-%20Business%20and%20Occupation%20License%20Fees.pdf,"county guide (PDF created 2020-04-27): ""Employers are required to withhold occupational tax from employees at the rate of 1%""; brochure (PDF created 2016-12-30): ""This tax is on all wages and compensation for work or services performed in Shelby County""; code ch. 112 (Ord. 12-04-09, passed 2007-12-04): ""measured by 1% of: (1) All wages and compensation paid or payable in the county""","ch. 112: ""COUNTY. ... including the cities of Shelbyville and Simpsonville""; credit only for city fees ""in effect at the date of the original ordinance dated March 22, 1990 ... Any license fees imposed after the date of this chapter may be imposed in addition""; brochures limit only net profits (not wages) to the unincorporated area. Modeled as no credit; the grandfathered 1990 city credit is unquantified"
Simpson,1.0,,unknown,direct_2019,https://simpsoncountyky.gov/occupational-tax-administration/,1.0,yes,https://simpsoncountyky.gov/occupational-tax-administration/,verified_2019,,,
Spencer,0.8,,unknown,historical_bridge,https://kaco.org/media/1753/spencer.pdf,0.8,yes,KACo 2019 County Tax Snapshot (FY2018 UFIRS) shows occupational license revenue: https://kaco.org/media/1753/spencer.pdf,carried_later_rate,https://kaco.org/media/5339/databrief-occtaxrates-6-14-24.pdf,,
Taylor,1.0,,unknown,historical_bridge,https://kaco.org/media/1754/taylor.pdf,1.0,yes,KACo 2019 County Tax Snapshot (FY2018 UFIRS) shows occupational license revenue: https://kaco.org/media/1754/taylor.pdf,carried_later_rate,https://kaco.org/media/5339/databrief-occtaxrates-6-14-24.pdf,,
Todd,1.0,,unknown,historical_bridge,https://kaco.org/media/1755/todd.pdf,1.0,yes,KACo 2019 County Tax Snapshot (FY2018 UFIRS) shows occupational license revenue: https://kaco.org/media/1755/todd.pdf,carried_later_rate,https://kaco.org/media/5339/databrief-occtaxrates-6-14-24.pdf,,
Trigg,0.0,,unknown,carried_2024,https://kaco.org/media/5339/databrief-occtaxrates-6-14-24.pdf,0.0,no,no occupational tax in KACo FY2018 snapshot or KACo 2024 brief; 82-county 2019 count matches,verified_2019,,,
Trimble,0.0,,unknown,carried_2024,https://kaco.org/media/5339/databrief-occtaxrates-6-14-24.pdf,0.0,no,no occupational tax in KACo FY2018 snapshot or KACo 2024 brief; 82-county 2019 count matches,verified_2019,,,
Union,0.5,,unknown,historical_bridge,https://kaco.org/media/1758/union.pdf,0.5,yes,KACo 2019 County Tax Snapshot (FY2018 UFIRS) shows occupational license revenue: https://kaco.org/media/1758/union.pdf,carried_later_rate,https://kaco.org/media/5339/databrief-occtaxrates-6-14-24.pdf,,
Warren,1.0,,yes,direct_2019,https://kaco.org/media/1759/warren.pdf,1.0,yes,KACo 2019 County Tax Snapshot (FY2018 UFIRS) shows occupational license revenue: https://kaco.org/media/1759/warren.pdf,verified_2019,http://web.archive.org/web/20190621102914/http://www.warrencountyky.gov/docs/WC-local-taxes-description-2019.pdf,"WC-local-taxes-description-2019.pdf (captured 2019-06-21): ""Warren County Occupational Tax-1% ... for work done within Warren County, outside the City limits of Bowling Green ... This tax and the City of Bowling Green tax CAN NOT be charged on the same dollar earned, you pay either or""",same 2019 document (either/or)
Washington,0.75,,unknown,historical_bridge,https://kaco.org/media/1760/washington.pdf,0.75,yes,KACo 2019 County Tax Snapshot (FY2018 UFIRS) shows occupational license revenue: https://kaco.org/media/1760/washington.pdf,carried_later_rate,https://kaco.org/media/5339/databrief-occtaxrates-6-14-24.pdf,,
Wayne,1.0,,unknown,historical_bridge,https://kaco.org/media/1761/wayne.pdf,1.0,yes,KACo 2019 County Tax Snapshot (FY2018 UFIRS) shows occupational license revenue: https://kaco.org/media/1761/wayne.pdf,carried_later_rate,https://kaco.org/media/5339/databrief-occtaxrates-6-14-24.pdf,,
Webster,0.0,,unknown,carried_2024,https://kaco.org/media/5339/databrief-occtaxrates-6-14-24.pdf,0.0,no,no occupational tax in KACo FY2018 snapshot or KACo 2024 brief; 82-county 2019 count matches,verified_2019,,,
Whitley,1.0,,unknown,historical_bridge,https://kaco.org/media/1763/whitley.pdf,1.0,yes,KACo 2019 County Tax Snapshot (FY2018 UFIRS) shows occupational license revenue: https://kaco.org/media/1763/whitley.pdf,carried_later_rate,https://kaco.org/media/5339/databrief-occtaxrates-6-14-24.pdf,,
Wolfe,1.25,,unknown,historical_bridge,https://kaco.org/media/1764/wolfe.pdf,1.25,yes,KACo 2019 County Tax Snapshot (FY2018 UFIRS) shows occupational license revenue: https://kaco.org/media/1764/wolfe.pdf,carried_later_rate,https://kaco.org/media/5339/databrief-occtaxrates-6-14-24.pdf,,
Woodford,1.5,,no,historical_bridge,https://kaco.org/media/1765/woodford.pdf,1.5,yes,KACo 2019 County Tax Snapshot (FY2018 UFIRS) shows occupational license revenue: https://kaco.org/media/1765/woodford.pdf,verified_2019,https://codelibrary.amlegal.com/codes/woodfordcounty/latest/woodfordco_ky/0-0-0-5003,"§ 111.03: ""The occupational license tax shall be measured by 1.50% of: (1) All wages and compensation paid or payable in the county""; history ""(Ord. 2008-14, passed 7-8-2008; Am. Ord. 2008-18, passed 8-12-2008)"", no later amendment","§ 111.01 ""COUNTY. Woodford County, Kentucky.""; § 111.03 has no city credit"
