p,c,n
Adairville,Logan,50
Albany,Clinton,85
Alexandria,Campbell,73
Allen,Floyd,32
Anchorage,Jefferson,53
Arlington,Carlisle,25
Ashland,Boyd,689
Auburn,Logan,58
Audubon Park,Jefferson,27
Augusta,Bracken,64
Bancroft,Jefferson,12
Barbourmeade,Jefferson,25
Barbourville,Knox,115
Bardstown,Nelson,317
Bardwell,Carlisle,50
Barlow,Ballard,39
Beattyville,Lee,72
Beaver Dam,Ohio,133
Bedford,Trimble,33
Beechwood Village,Jefferson,27
Bellefonte,Greenup,17
Bellemeade,Jefferson,22
Bellevue,Campbell,98
Bellewood,Jefferson,4
Benham,Harlan,41
Benton,Marshall,196
Berea,Madison,329
Berry,Harrison,14
Blaine,Lawrence,5
Blandville,Ballard,6
Bloomfield,Nelson,31
Blue Ridge Manor,Jefferson,14
Bonnieville,Hart,25
Booneville,Owsley,41
Bowling Green,Warren,1179
Bradfordsville,Marion,21
Brandenburg,Meade,53
Bremen,Muhlenberg,11
Briarwood,Jefferson,8
Brodhead,Rockcastle,40
Broeck Pointe,Jefferson,4
Bromley,Kenton,36
Brooksville,Bracken,19
Brownsboro Farm,Jefferson,10
Brownsboro Village,Jefferson,7
Brownsville,Edmonson,37
Buckhorn,Perry,15
Burgin,Mercer,38
Burkesville,Cumberland,60
Burnside,Pulaski,180
Butler,Pendleton,20
Cadiz,Trigg,131
Calhoun,McLean,37
California,Campbell,7
Calvert City,Marshall,222
Camargo,Montgomery,16
Cambridge,Jefferson,2
Campbellsburg,Henry,25
Campbellsville,Taylor,386
Campton,Wolfe,24
Caneyville,Grayson,28
Carlisle,Nicholas,71
Carrollton,Carroll,157
Carrsville,Livingston,17
Catlettsburg,Boyd,117
Cave City,Barren,90
Centertown,Ohio,30
Central City,Muhlenberg,196
Clarkson,Grayson,48
Clay,Webster,47
Clay City,Powell,55
Clinton,Hickman,60
Cloverport,Breckinridge,77
Coal Run Village,Pike,38
Cold Spring,Campbell,89
Coldstream,Jefferson,7
Columbia,Adair,160
Columbus,Hickman,13
Concord,Lewis,10
Corbin,Knox,109
Corbin,Laurel,1
Corbin,Whitley,271
Corinth,Grant,21
Corinth,Scott,3
Corydon,Henderson,40
Covington,Kenton,901
Crab Orchard,Lincoln,21
Creekside,Jefferson,3
Crescent Springs,Kenton,86
Crestview,Campbell,6
Crestview Hills,Kenton,55
Crestwood,Oldham,68
Crittenden,Grant,39
Crittenden,Kenton,1
Crofton,Christian,29
Crossgate,Jefferson,5
Cumberland,Harlan,112
Cynthiana,Harrison,193
Danville,Boyle,386
Dawson Springs,Caldwell,2
Dawson Springs,Hopkins,109
Dayton,Campbell,126
Dixon,Webster,28
Douglass Hills,Jefferson,58
Dover,Mason,26
Drakesboro,Muhlenberg,38
Druid Hills,Jefferson,3
Dry Ridge,Grant,60
Earlington,Hopkins,129
Eddyville,Lyon,148
Edgewood,Kenton,87
Edmonton,Metcalfe,64
Ekron,Meade,17
Elizabethtown,Hardin,765
Elkhorn City,Pike,72
Elkton,Todd,91
Elsmere,Kenton,94
Eminence,Henry,42
Erlanger,Boone,2
Erlanger,Kenton,291
Eubank,Lincoln,7
Eubank,Pulaski,24
Evarts,Harlan,49
Ewing,Fleming,16
Fairfield,Nelson,9
Fairview,Kenton,16
Falmouth,Pendleton,95
Ferguson,Pulaski,105
Fincastle,Jefferson,5
Flatwoods,Greenup,153
Fleming-Neon,Letcher,51
Flemingsburg,Fleming,90
Florence,Boone,316
Fordsville,Ohio,21
Forest Hills,Jefferson,12
Fort Mitchell,Kenton,109
Fort Thomas,Campbell,149
Fort Wright,Kenton,124
Fountain Run,Monroe,16
Fox Chase,Bullitt,9
Frankfort,Franklin,667
Franklin,Simpson,287
Fredonia,Caldwell,31
Frenchburg,Menifee,37
Fulton,Fulton,168
Gamaliel,Monroe,23
Georgetown,Scott,622
Germantown,Bracken,5
Germantown,Mason,5
Ghent,Carroll,24
Glasgow,Barren,344
Glencoe,Gallatin,29
Glenview,Jefferson,13
Glenview Hills,Jefferson,6
Glenview Manor,Jefferson,4
Goose Creek,Jefferson,3
Goshen,Oldham,14
Grand Rivers,Livingston,52
Gratz,Owen,12
Graymoor-Devondale,Jefferson,38
Grayson,Carter,146
Green Spring,Jefferson,11
Greensburg,Green,99
Greenup,Greenup,127
Greenville,Muhlenberg,128
Guthrie,Todd,69
Hanson,Hopkins,29
Hardin,Marshall,41
Hardinsburg,Breckinridge,71
Harlan,Harlan,108
Harrodsburg,Mercer,199
Hartford,Ohio,93
Hawesville,Hancock,47
Hazard,Perry,306
Hazel,Calloway,31
Hebron Estates,Bullitt,8
Henderson,Henderson,547
Heritage Creek,Jefferson,18
Hickman,Fulton,108
Hickory Hill,Jefferson,1
Highland Heights,Campbell,70
Hills and Dales,Jefferson,4
Hillview,Bullitt,148
Hindman,Knott,9
Hodgenville,Larue,83
Hollow Creek,Jefferson,14
Hollyvilla,Jefferson,5
Hopkinsville,Christian,797
Horse Cave,Hart,103
Houston Acres,Jefferson,11
Hunters Hollow,Bullitt,3
Hurstbourne,Jefferson,63
Hurstbourne Acres,Jefferson,13
Hustonville,Lincoln,20
Hyden,Leslie,40
Independence,Kenton,243
Indian Hills,Jefferson,71
Inez,Martin,30
Irvine,Estill,104
Irvington,Breckinridge,57
Island,McLean,34
Jackson,Breathitt,100
Jamestown,Russell,94
Jeffersontown,Jefferson,353
Jeffersonville,Montgomery,100
Jenkins,Letcher,82
Junction City,Boyle,56
Junction City,Lincoln,4
Keene,Jessamine,11
Kenton Vale,Kenton,4
Kevil,Ballard,34
Kevil,McCracken,2
Kingsley,Jefferson,11
Kuttawa,Lyon,121
La Center,Ballard,59
La Grange,Oldham,149
LaFayette,Christian,12
Lakeside Park,Kenton,24
Lakeview Heights,Rowan,10
Lancaster,Garrard,75
Langdon Place,Jefferson,10
Lawrenceburg,Anderson,173
Lebanon,Marion,131
Lebanon Junction,Bullitt,63
Leitchfield,Grayson,188
Lewisburg,Logan,45
Lewisport,Hancock,91
Lexington-Fayette,Fayette,3922
Liberty,Casey,83
Lincolnshire,Jefferson,4
Livermore,McLean,63
Livingston,Rockcastle,21
London,Laurel,312
Loretto,Marion,8
Louisa,Lawrence,136
Louisville,Jefferson,8813
Loyall,Harlan,46
Ludlow,Kenton,97
Lynch,Harlan,45
Lyndon,Jefferson,136
Lynnview,Jefferson,10
Mackville,Washington,9
Madisonville,Hopkins,469
Manchester,Clay,88
Manor Creek,Jefferson,3
Marion,Crittenden,112
Martin,Floyd,65
Maryhill Estates,Jefferson,4
Mayfield,Graves,402
Maysville,Mason,383
McHenry,Ohio,33
McKee,Jackson,34
Meadow Vale,Jefferson,13
Meadowbrook Farm,Jefferson,4
Meadowview Estates,Jefferson,5
Melbourne,Campbell,22
Mentor,Campbell,8
Middlesborough,Bell,328
Middletown,Jefferson,134
Midway,Woodford,72
Millersburg,Bourbon,52
Millersburg,Nicholas,2
Milton,Trimble,35
Mockingbird Valley,Jefferson,5
Monterey,Owen,10
Monticello,Wayne,199
Moorland,Jefferson,10
Morehead,Rowan,157
Morganfield,Union,137
Morgantown,Butler,70
Mortons Gap,Hopkins,48
Mount Olivet,Robertson,18
Mount Sterling,Montgomery,143
Mount Vernon,Rockcastle,93
Mount Washington,Bullitt,232
Muldraugh,Hardin,3
Muldraugh,Meade,54
Munfordville,Hart,69
Murray,Calloway,470
Murray Hill,Jefferson,7
Nebo,Hopkins,11
New Castle,Henry,31
New Haven,Nelson,26
Newport,Campbell,393
Nicholasville,Jessamine,403
Norbourne Estates,Jefferson,7
North Middletown,Bourbon,17
Northfield,Jefferson,18
Nortonville,Hopkins,55
Norwood,Jefferson,9
Oak Grove,Christian,98
Oakland,Warren,15
Old Brownsboro Place,Jefferson,6
Olive Hill,Carter,105
Orchard Grass Hills,Oldham,6
Owensboro,Daviess,1276
Owenton,Owen,65
Owingsville,Bath,34
Paducah,McCracken,1135
Paintsville,Johnson,185
Paris,Bourbon,243
Park City,Barren,43
Park Hills,Kenton,31
Parkway Village,Jefferson,17
Pembroke,Christian,31
Perryville,Boyle,46
Pewee Valley,Oldham,31
Pikeville,Pike,335
Pineville,Bell,170
Pioneer Village,Bullitt,36
Pippa Passes,Knott,8
Plantation,Jefferson,11
Pleasureville,Henry,16
Pleasureville,Shelby,4
Plum Springs,Warren,12
Poplar Hills,Jefferson,2
Powderly,Muhlenberg,41
Prestonsburg,Floyd,389
Prestonville,Carroll,10
Princeton,Caldwell,227
Prospect,Jefferson,44
Prospect,Oldham,6
Providence,Webster,158
Raceland,Greenup,111
Radcliff,Hardin,362
Ravenna,Estill,37
Raywick,Marion,16
Richlawn,Jefferson,12
Richmond,Madison,492
River Bluff,Oldham,2
Riverwood,Jefferson,8
Robards,Henderson,23
Rochester,Butler,16
Rockport,Ohio,30
Rolling Fields,Jefferson,9
Rolling Hills,Jefferson,16
Russell,Greenup,128
Russell Springs,Russell,118
Russellville,Logan,276
Ryland Heights,Kenton,43
Sacramento,McLean,23
Sadieville,Scott,29
Salem,Livingston,36
Salt Lick,Bath,14
Salyersville,Magoffin,42
Sanders,Carroll,14
Sandy Hook,Elliott,30
Sardis,Mason,8
Sardis,Robertson,3
Science Hill,Pulaski,63
Scottsville,Allen,181
Sebree,Webster,73
Seneca Gardens,Jefferson,15
Sharpsburg,Bath,26
Shelbyville,Shelby,247
Shepherdsville,Bullitt,195
Shively,Jefferson,182
Silver Grove,Campbell,34
Simpsonville,Shelby,50
Slaughters,Webster,16
Smithfield,Henry,10
Smithland,Livingston,24
Smiths Grove,Warren,51
Somerset,Pulaski,745
Sonora,Hardin,34
South Carrollton,Muhlenberg,22
South Park View,Jefferson,2
South Shore,Greenup,73
Southgate,Campbell,45
Sparta,Gallatin,43
Sparta,Owen,6
Spring Mill,Jefferson,2
Spring Valley,Jefferson,10
Springfield,Washington,94
St. Charles,Hopkins,17
St. Mary,Marion,5
St. Matthews,Jefferson,297
St. Regis Park,Jefferson,24
Stamping Ground,Scott,16
Stanford,Lincoln,119
Stanton,Powell,81
Strathmoor Manor,Jefferson,9
Strathmoor Village,Jefferson,16
Sturgis,Union,158
Sycamore,Jefferson,1
Taylor Mill,Kenton,95
Taylorsville,Spencer,59
Ten Broeck,Jefferson,5
Thornhill,Jefferson,2
Tompkinsville,Monroe,112
Trenton,Todd,23
Union,Boone,58
Uniontown,Union,76
Upton,Hardin,13
Upton,Larue,19
Vanceburg,Lewis,94
Versailles,Woodford,191
Vicco,Knott,5
Vicco,Perry,24
Villa Hills,Kenton,97
Vine Grove,Hardin,113
Walton,Boone,63
Walton,Kenton,8
Warfield,Martin,17
Warsaw,Gallatin,52
Watterson Park,Jefferson,44
Waverly,Union,18
Wayland,Floyd,36
Wellington,Jefferson,17
West Buechel,Jefferson,23
West Liberty,Morgan,71
West Point,Hardin,78
Westwood,Jefferson,12
Wheatcroft,Webster,19
Wheelwright,Floyd,13
White Plains,Hopkins,36
Whitesburg,Letcher,118
Whitesville,Daviess,22
Wickliffe,Ballard,41
Wilder,Campbell,50
Wildwood,Jefferson,4
Williamsburg,Whitley,152
Williamstown,Grant,132
Williamstown,Pendleton,4
Willisburg,Washington,13
Wilmore,Jessamine,93
Winchester,Clark,389
Windy Hills,Jefferson,19
Wingo,Graves,38
Woodburn,Warren,20
Woodbury,Butler,11
Woodland Hills,Jefferson,12
Woodlawn,Campbell,10
Woodlawn Park,Jefferson,15
Worthington,Greenup,109
Worthington Hills,Jefferson,11
Worthville,Carroll,7
Wurtland,Greenup,58
