city,resident_rate,nonresident_rate,effective_date,source_title,source_url,document_date,page_or_passage,historical_applicability,status
Albion,0.01,0.005,statutory maximum under Uniform City Income Tax Act (1964 PA 284); unchanged through 2019,House Fiscal Agency - Revenue Source and Distribution,https://www.house.mi.gov/HFA/PDF/RevenueForecast/Source_and_Distribution_Aug2019.pdf,2019-08,"RATE: Maximum 1% of income for residents and corporations; Maximum 0.5% income for non-residents (exceptions: ... Detroit; Highland Park, Grand Rapids, and Saginaw...)",explicitly 2019,verified
Battle Creek,0.01,0.005,statutory maximum under Uniform City Income Tax Act (1964 PA 284); unchanged through 2019,House Fiscal Agency - Revenue Source and Distribution,https://www.house.mi.gov/HFA/PDF/RevenueForecast/Source_and_Distribution_Aug2019.pdf,2019-08,"RATE: Maximum 1% of income for residents and corporations; Maximum 0.5% income for non-residents (exceptions: ... Detroit; Highland Park, Grand Rapids, and Saginaw...)",explicitly 2019,verified
Benton Harbor,0.01,0.005,statutory maximum under Uniform City Income Tax Act (1964 PA 284); unchanged through 2019,House Fiscal Agency - Revenue Source and Distribution,https://www.house.mi.gov/HFA/PDF/RevenueForecast/Source_and_Distribution_Aug2019.pdf,2019-08,"RATE: Maximum 1% of income for residents and corporations; Maximum 0.5% income for non-residents (exceptions: ... Detroit; Highland Park, Grand Rapids, and Saginaw...)",explicitly 2019,verified
Big Rapids,0.01,0.005,statutory maximum under Uniform City Income Tax Act (1964 PA 284); unchanged through 2019,House Fiscal Agency - Revenue Source and Distribution,https://www.house.mi.gov/HFA/PDF/RevenueForecast/Source_and_Distribution_Aug2019.pdf,2019-08,"RATE: Maximum 1% of income for residents and corporations; Maximum 0.5% income for non-residents (exceptions: ... Detroit; Highland Park, Grand Rapids, and Saginaw...)",explicitly 2019,verified
Flint,0.01,0.005,statutory maximum under Uniform City Income Tax Act (1964 PA 284); unchanged through 2019,House Fiscal Agency - Revenue Source and Distribution,https://www.house.mi.gov/HFA/PDF/RevenueForecast/Source_and_Distribution_Aug2019.pdf,2019-08,"RATE: Maximum 1% of income for residents and corporations; Maximum 0.5% income for non-residents (exceptions: ... Detroit; Highland Park, Grand Rapids, and Saginaw...)",explicitly 2019,verified
Grand Rapids,0.015,0.0075,"1.5%/0.75% in effect since 2010-07-01 (raised from 1.3%/0.65%); continuous through 2019, no change found",City of Grand Rapids - Income Tax Guide for Individuals,https://www.grandrapidsmi.gov/departments/fiscal-services/income-tax/individual-taxpayers/income-tax-guide-for-individuals/,current page (states rate effective since 2010-07-01),"Residents: 1.5%. Nonresidents: 0.75%. This rate structure has been in effect since July 1, 2010 (prior rate 1.3%/0.65%)",covers 2019 (current page states unbroken effective date spanning 2019; corroborated by HFA statutory cap of 2.0%/1.0% for GR as the ceiling not the charged rate),verified
Grayling,0.01,0.005,statutory maximum under Uniform City Income Tax Act (1964 PA 284); unchanged through 2019,House Fiscal Agency - Revenue Source and Distribution,https://www.house.mi.gov/HFA/PDF/RevenueForecast/Source_and_Distribution_Aug2019.pdf,2019-08,"RATE: Maximum 1% of income for residents and corporations; Maximum 0.5% income for non-residents (exceptions: ... Detroit; Highland Park, Grand Rapids, and Saginaw...)",explicitly 2019,verified
Hamtramck,0.01,0.005,statutory maximum under Uniform City Income Tax Act (1964 PA 284); unchanged through 2019,House Fiscal Agency - Revenue Source and Distribution,https://www.house.mi.gov/HFA/PDF/RevenueForecast/Source_and_Distribution_Aug2019.pdf,2019-08,"RATE: Maximum 1% of income for residents and corporations; Maximum 0.5% income for non-residents (exceptions: ... Detroit; Highland Park, Grand Rapids, and Saginaw...)",explicitly 2019,verified
Highland Park,0.02,0.01,"2%/1% for tax year 2019, no change noted",City of Highland Park - 2019 HP-1040 Individual Income Tax Form and Instructions,https://www.highlandparkmi.gov/media/ipjnt40s/2019-hp-1040-form-and-instructions.pdf,2019 (tax year 2019 form; due date printed as April 30 2020),"(Multiply line 22 by Highland Park resident tax rate of 2% (0.02) or nonresident tax rate of 1% (0.01) and enter tax on line 23b...)",explicitly 2019,verified
Hudson,0.01,0.005,statutory maximum under Uniform City Income Tax Act (1964 PA 284); unchanged through 2019,House Fiscal Agency - Revenue Source and Distribution,https://www.house.mi.gov/HFA/PDF/RevenueForecast/Source_and_Distribution_Aug2019.pdf,2019-08,"RATE: Maximum 1% of income for residents and corporations; Maximum 0.5% income for non-residents (exceptions: ... Detroit; Highland Park, Grand Rapids, and Saginaw...)",explicitly 2019,verified
Ionia,0.01,0.005,statutory maximum under Uniform City Income Tax Act (1964 PA 284); unchanged through 2019,House Fiscal Agency - Revenue Source and Distribution,https://www.house.mi.gov/HFA/PDF/RevenueForecast/Source_and_Distribution_Aug2019.pdf,2019-08,"RATE: Maximum 1% of income for residents and corporations; Maximum 0.5% income for non-residents (exceptions: ... Detroit; Highland Park, Grand Rapids, and Saginaw...)",explicitly 2019,verified
Jackson,0.01,0.005,statutory maximum under Uniform City Income Tax Act (1964 PA 284); unchanged through 2019,House Fiscal Agency - Revenue Source and Distribution,https://www.house.mi.gov/HFA/PDF/RevenueForecast/Source_and_Distribution_Aug2019.pdf,2019-08,"RATE: Maximum 1% of income for residents and corporations; Maximum 0.5% income for non-residents (exceptions: ... Detroit; Highland Park, Grand Rapids, and Saginaw...)",explicitly 2019,verified
Lansing,0.01,0.005,statutory maximum under Uniform City Income Tax Act (1964 PA 284); Lansing's own ordinance adopted 1968-07-01, unchanged through 2019,City of Lansing - Withholding Tax Guide (corroborated by House Fiscal Agency Aug 2019),https://content.civicplus.com/api/assets/069f9792-d5a6-47e1-a55b-cad2a6b006ab?cache=1800,current withholding guide (states 1968 ordinance adoption; no dated rate change since); corroborated by HFA Aug 2019 statewide statutory cap,"There are two withholding rates: one percent (1%); or half of one one percent (1/2%)... Lansing has adopted the Michigan Uniform City Income Tax Ordinance, effective July 1, 1968.",covers 2019,verified
Lapeer,0.01,0.005,statutory maximum under Uniform City Income Tax Act (1964 PA 284); unchanged through 2019,House Fiscal Agency - Revenue Source and Distribution,https://www.house.mi.gov/HFA/PDF/RevenueForecast/Source_and_Distribution_Aug2019.pdf,2019-08,"RATE: Maximum 1% of income for residents and corporations; Maximum 0.5% income for non-residents (exceptions: ... Detroit; Highland Park, Grand Rapids, and Saginaw...)",explicitly 2019,verified
Muskegon,0.01,0.005,statutory maximum under Uniform City Income Tax Act (1964 PA 284); unchanged through 2019,House Fiscal Agency - Revenue Source and Distribution,https://www.house.mi.gov/HFA/PDF/RevenueForecast/Source_and_Distribution_Aug2019.pdf,2019-08,"RATE: Maximum 1% of income for residents and corporations; Maximum 0.5% income for non-residents (exceptions: ... Detroit; Highland Park, Grand Rapids, and Saginaw...)",explicitly 2019,verified
Muskegon Heights,0.01,0.005,statutory maximum under Uniform City Income Tax Act (1964 PA 284); unchanged through 2019,House Fiscal Agency - Revenue Source and Distribution,https://www.house.mi.gov/HFA/PDF/RevenueForecast/Source_and_Distribution_Aug2019.pdf,2019-08,"RATE: Maximum 1% of income for residents and corporations; Maximum 0.5% income for non-residents (exceptions: ... Detroit; Highland Park, Grand Rapids, and Saginaw...)",explicitly 2019,verified
Pontiac,0.01,0.005,statutory maximum under Uniform City Income Tax Act (1964 PA 284); unchanged through 2019,House Fiscal Agency - Revenue Source and Distribution,https://www.house.mi.gov/HFA/PDF/RevenueForecast/Source_and_Distribution_Aug2019.pdf,2019-08,"RATE: Maximum 1% of income for residents and corporations; Maximum 0.5% income for non-residents (exceptions: ... Detroit; Highland Park, Grand Rapids, and Saginaw...)",explicitly 2019,verified
Port Huron,0.01,0.005,statutory maximum under Uniform City Income Tax Act (1964 PA 284); unchanged through 2019,House Fiscal Agency - Revenue Source and Distribution,https://www.house.mi.gov/HFA/PDF/RevenueForecast/Source_and_Distribution_Aug2019.pdf,2019-08,"RATE: Maximum 1% of income for residents and corporations; Maximum 0.5% income for non-residents (exceptions: ... Detroit; Highland Park, Grand Rapids, and Saginaw...)",explicitly 2019,verified
Portland,0.01,0.005,statutory maximum under Uniform City Income Tax Act (1964 PA 284); unchanged through 2019,House Fiscal Agency - Revenue Source and Distribution,https://www.house.mi.gov/HFA/PDF/RevenueForecast/Source_and_Distribution_Aug2019.pdf,2019-08,"RATE: Maximum 1% of income for residents and corporations; Maximum 0.5% income for non-residents (exceptions: ... Detroit; Highland Park, Grand Rapids, and Saginaw...)",explicitly 2019,verified
Saginaw,0.015,0.0075,"1.5%/0.75% for tax year 2019, no change noted",City of Saginaw - Instructions for Filing Form S-1040 Income Tax - 2019,https://www.saginaw-mi.com/DocumentCenter/View/986/sagins1040-PDF,2019 (tax year 2019 instructions; due date printed as April 30 2020),"RATE: CITY RESIDENTS ARE TAXED AT 1.50%(.015) NON-RESIDENTS ARE TAXED AT .75%(.0075)",explicitly 2019,verified
Springfield,0.01,0.005,statutory maximum under Uniform City Income Tax Act (1964 PA 284); unchanged through 2019,House Fiscal Agency - Revenue Source and Distribution,https://www.house.mi.gov/HFA/PDF/RevenueForecast/Source_and_Distribution_Aug2019.pdf,2019-08,"RATE: Maximum 1% of income for residents and corporations; Maximum 0.5% income for non-residents (exceptions: ... Detroit; Highland Park, Grand Rapids, and Saginaw...)",explicitly 2019,verified
Walker,0.01,0.005,statutory maximum under Uniform City Income Tax Act (1964 PA 284); unchanged through 2019,House Fiscal Agency - Revenue Source and Distribution,https://www.house.mi.gov/HFA/PDF/RevenueForecast/Source_and_Distribution_Aug2019.pdf,2019-08,"RATE: Maximum 1% of income for residents and corporations; Maximum 0.5% income for non-residents (exceptions: ... Detroit; Highland Park, Grand Rapids, and Saginaw...)",explicitly 2019,verified
