city,resident_rate,nonresident_rate,evidence_class
Detroit,2.4,1.2,direct_2019
East Lansing,1.0,0.5,direct_2019_cf1065_appendix_a
Saginaw,1.5,0.75,direct_2019_cf1065_appendix_a
Highland Park,2.0,1.0,direct_2019_cf1065_appendix_a
Albion,1.0,0.5,direct_2019_cf1065_appendix_a
Big Rapids,1.0,0.5,direct_2019_cf1065_appendix_a
Hamtramck,1.0,0.5,direct_2019_cf1065_appendix_a
Muskegon,1.0,0.5,direct_2019_cf1065_appendix_a
Grand Rapids,1.5,0.75,direct_2019_cf1065_appendix_a
Lansing,1.0,0.5,direct_2019_cf1065_appendix_a
Battle Creek,1.0,0.5,direct_2019_cf1065_appendix_a
Jackson,1.0,0.5,direct_2019_cf1065_appendix_a
Flint,1.0,0.5,direct_2019_cf1065_appendix_a
Pontiac,1.0,0.5,direct_2019_cf1065_appendix_a
Hudson,1.0,0.5,assumed_no_change
Ionia,1.0,0.5,direct_2019_cf1065_appendix_a
Lapeer,1.0,0.5,direct_2019_cf1065_appendix_a
Port Huron,1.0,0.5,direct_2019_cf1065_appendix_a
Portland,1.0,0.5,direct_2019_cf1065_appendix_a
Walker,1.0,0.5,direct_2019_cf1065_appendix_a
Springfield,1.0,0.5,direct_2019_cf1065_appendix_a
Benton Harbor,1.0,0.5,direct_2019_cf1065_appendix_a
Grayling,1.0,0.5,direct_2019_cf1065_appendix_a
Muskegon Heights,1.0,0.5,direct_2019_cf1065_appendix_a
